Stock,Weight
PLD,0.11426744610887832
AMT,0.09540555352575812
CCI,0.07604128607964925
EQIX,0.095451223967848
DLR,0.06677018633540373
SPG,0.07626963829009864
O,0.05708805261234928
AVB,0.04754293021556448
EQR,0.0381804895871392
MAA,0.03804347826086956
VICI,0.05681402995981001
WELL,0.04754293021556448
ARE,0.03790646693459993
EXR,0.02854402630617464
PSA,0.02858969674826452
INVH,0.019227256119839237
HST,0.018998903909389842
CPT,0.019044574351479722
ESS,0.018998903909389842
IRM,0.019272926561929117
