Stock,Weight
AMZN,0.17716535433070862
TSLA,0.1476377952755905
HD,0.11417322834645666
LOW,0.07480314960629919
NKE,0.06889763779527558
MCD,0.0905511811023622
SBUX,0.07086614173228345
BKNG,0.053149606299212594
TJX,0.053149606299212594
GM,0.03149606299212598
F,0.029527559055118103
EBAY,0.02066929133858267
CMG,0.033464566929133854
RL,0.012795275590551176
YUM,0.02165354330708661
