Stock,Weight
HON,0.0830188679245283
UNP,0.07830188679245283
RTX,0.0660377358490566
CAT,0.09339622641509433
DE,0.09056603773584905
MMM,0.045283018867924525
GE,0.07735849056603773
LMT,0.08962264150943396
NOC,0.07075471698113209
PH,0.05566037735849056
ROK,0.05
FDX,0.056603773584905655
ITW,0.04339622641509434
UPS,0.052830188679245285
BA,0.04716981132075472
