Stock,Weight
LIN,0.09625029854310962
APD,0.07971101026988298
SHW,0.0691425841891569
ECL,0.05567828994506806
PPG,0.054096011464055405
NUE,0.0691127298781944
STLD,0.04660257941246716
CF,0.04508000955337951
MOS,0.03755672319082875
ALB,0.07821829472175781
DOW,0.048095294960592304
EMN,0.028600429902077854
IFF,0.03152615237640315
VMC,0.05412586577501791
MLM,0.046632433723429664
AVY,0.022569859087652255
FCX,0.06167900644853116
IP,0.0210472892285646
NEM,0.03167542393121566
BALL,0.02259971339861476
