Stock,Weight
UNH,0.11999999999999997
JNJ,0.09904761904761904
LLY,0.11238095238095237
MRK,0.07619047619047617
PFE,0.053333333333333316
ABBV,0.0876190476190476
TMO,0.0857142857142857
ISRG,0.06285714285714285
REGN,0.04952380952380952
AMGN,0.05904761904761903
HCA,0.0457142857142857
VRTX,0.041904761904761896
DHR,0.041904761904761896
HUM,0.03238095238095238
MDT,0.03238095238095238
