Stock,Weight
LMT,0.06669099534713986
RTX,0.061718821275431074
NOC,0.07093330900465286
CAT,0.057795821549128726
DE,0.057613356445579786
ITW,0.047486543198613264
UNP,0.061855670103092786
CSX,0.0427880667822279
FDX,0.05223063589088587
UPS,0.052413100994434816
ETN,0.05711157741082018
ROK,0.03831767174527872
BA,0.06144512362010765
HON,0.052413100994434816
MMM,0.03311741629413374
GE,0.043016148161664075
NSC,0.04269683423045342
PCAR,0.03334549767356993
PH,0.0427880667822279
TXT,0.024222242496122613
