Stock,Weight
NEE,0.12491304779886717
DUK,0.10891384279042032
SO,0.09331213355858094
D,0.08272880850640962
AEP,0.07751167643843786
XEL,0.06722647321872206
SRE,0.062108715094902116
ED,0.05679220908277849
EXC,0.051674450958958555
CNP,0.04635794494683495
WEC,0.041339560767166855
AWK,0.036221802643346915
AES,0.031004670575375134
NI,0.0258869124515552
ETR,0.02091821524396303
PEG,0.020769154327735264
ATO,0.015601709231839414
ES,0.015601709231839414
FE,0.010583325052171322
CMS,0.0105336380800954
