Stock,Weight
AMT,0.13476562499999997
PLD,0.130859375
EQIX,0.11523437499999999
PSA,0.08789062500000001
O,0.0859375
DLR,0.0810546875
SPG,0.072265625
AVB,0.0595703125
WELL,0.05468750000000001
VICI,0.046875
EXR,0.037109375
ARE,0.03125
MAA,0.025390625
CPT,0.0205078125
EQR,0.016601562499999997
