Stock,Weight
GOOGL,0.1985052601513781
META,0.17841671823677818
NFLX,0.14823630218498593
DIS,0.09901461417622696
TMUS,0.07921169134098158
CMCSA,0.06931022992335888
TTWO,0.059218355786166514
VZ,0.049221688008758986
CHTR,0.039320226591136286
EA,0.03446470224210977
PARA,0.015042604846003713
WBD,0.014852192126434044
LYV,0.005188746608273433
T,0.004998333888703766
FOXA,0.004998333888703766
