Stock,Weight
PG,0.09142557468752731
KO,0.07333275063368586
PEP,0.07783410541036623
CL,0.045712787343763654
MDLZ,0.06393671881828512
KMB,0.04112402761996329
COST,0.0963202517262477
WMT,0.09138187221396733
MO,0.03181540075168255
PM,0.036404160475482915
GIS,0.040818110305043266
HSY,0.049514902543483966
CLX,0.027226641027882182
CPB,0.0224630714098418
MKC,0.02696442618652216
EL,0.044751332925443595
CHD,0.031334673542522506
K,0.02683331876584215
BF.B,0.02259417883052181
STZ,0.058211694781924665
