Stock,Weight
AMZN,0.13888888888888887
TSLA,0.1148148148148148
HD,0.09259259259259259
NKE,0.07407407407407407
MCD,0.07037037037037037
LOW,0.06111111111111111
SBUX,0.0574074074074074
BKNG,0.04814814814814815
EBAY,0.03333333333333333
GM,0.03333333333333333
F,0.03148148148148148
CMG,0.03518518518518518
RL,0.02037037037037037
YUM,0.024074074074074074
ULTA,0.03148148148148148
CZR,0.018518518518518517
TJX,0.03148148148148148
ROST,0.024074074074074074
MAR,0.02592592592592593
AZO,0.03333333333333333
