Stock,Weight
AAPL,0.16059757236227828
NVDA,0.14005602240896362
MSFT,0.15312791783380023
AMD,0.06909430438842207
INTC,0.04295051353874884
CSCO,0.038281979458450056
ADBE,0.0746965452847806
TXN,0.03921568627450982
AVGO,0.07096171802054156
NOW,0.04855275443510738
CRM,0.03921568627450982
PANW,0.03174603174603176
INTU,0.030812324929971997
LRCX,0.02801120448179272
QCOM,0.03267973856209151
