Stock,Weight
APD,0.10769230769230766
SHW,0.08846153846153845
LIN,0.13076923076923075
FCX,0.07115384615384615
NEM,0.057692307692307675
ECL,0.08653846153846152
DOW,0.057692307692307675
ALB,0.09038461538461537
PPG,0.06346153846153844
VMC,0.057692307692307675
MLM,0.05384615384615383
NUE,0.04615384615384614
IP,0.02692307692307692
CF,0.0346153846153846
BALL,0.02692307692307692
