Stock,Weight
JPM,0.08940752499034708
BAC,0.07147453773220645
WFC,0.0538418636578146
C,0.044789566261958916
USB,0.03586597451628127
PNC,0.03595177828306663
TFC,0.02698528465399632
V,0.10639667081384874
MA,0.10618216139688536
PYPL,0.044532154961602816
BLK,0.05379896177442191
SCHW,0.04461795872838818
BRK.B,0.07194645844952595
CB,0.03543695568235447
TRV,0.026642069586854864
MMC,0.026599167703462184
PGR,0.02664206958685487
TROW,0.018018791024925995
AXP,0.044660860611780866
GS,0.03620918958342271
