Stock,Weight
PG,0.11875589066918002
KO,0.09425070688030161
PEP,0.09802073515551368
MDLZ,0.0772855796418473
CL,0.062205466540999066
KMB,0.05655042412818096
PM,0.08105560791705939
MO,0.058435438265786996
COST,0.10556079170593781
WMT,0.09425070688030161
KR,0.03581526861451462
EL,0.03204524033930255
GIS,0.03581526861451461
HSY,0.03204524033930255
CLX,0.017907634307257305
