Stock,Weight
XOM,0.16412213740458012
CVX,0.13549618320610687
COP,0.11068702290076335
SLB,0.08778625954198474
HAL,0.06870229007633588
MPC,0.07824427480916031
PSX,0.0648854961832061
EOG,0.08587786259541984
OXY,0.0648854961832061
DVN,0.0400763358778626
VLO,0.03625954198473282
BKR,0.02385496183206107
HES,0.018129770992366408
WMB,0.011450381679389313
APA,0.009541984732824428
