Stock,Weight
NEE,0.16799999999999998
DUK,0.121
D,0.1
SO,0.1
AEP,0.084
SRE,0.078
XEL,0.069
EXC,0.063
PEG,0.054000000000000006
CMS,0.046000000000000006
ED,0.041
ETR,0.03
ATO,0.02
ES,0.016
FE,0.01
