Stock,Weight
JPM,0.1111111111111111
GS,0.07407407407407407
MS,0.07777777777777778
V,0.12777777777777777
MA,0.12407407407407407
BAC,0.09074074074074073
WFC,0.05555555555555555
SCHW,0.05
SPGI,0.06851851851851852
AXP,0.0537037037037037
BLK,0.04074074074074074
CB,0.027777777777777776
PGR,0.01944444444444444
C,0.033333333333333326
CME,0.045370370370370366
