Stock,Weight
JPM,0.10101010101010101
 BAC,0.0909090909090909
 WFC,0.0808080808080808
 C,0.0707070707070707
 GS,0.0606060606060606
 MS,0.0606060606060606
 BLK,0.050505050505050504
 SCHW,0.050505050505050504
 AXP,0.050505050505050504
 PNC,0.0404040404040404
 USB,0.0404040404040404
 TFC,0.0404040404040404
 MET,0.0404040404040404
 PRU,0.0404040404040404
 AIG,0.0303030303030303
 TROW,0.0303030303030303
 STT,0.0303030303030303
 CME,0.0303030303030303
 CB,0.0303030303030303
 TRV,0.0303030303030303
