Stock,Weight
UNH,0.10799999999999998
JNJ,0.076
MRK,0.054000000000000006
ABBV,0.07200000000000001
LLY,0.072
DHR,0.086
MDT,0.062
TMO,0.084
AMGN,0.07
GILD,0.041999999999999996
PFE,0.038
CI,0.05800000000000001
HUM,0.054000000000000006
REGN,0.066
ISRG,0.057999999999999996
