Stock,Weight
GOOGL,0.121
META,0.134
NFLX,0.10400000000000001
DIS,0.086
CMCSA,0.052000000000000005
CHTR,0.044
TMUS,0.05
VZ,0.031
T,0.025
EA,0.074
WBD,0.046
OMC,0.04800000000000001
IPG,0.028000000000000004
FOXA,0.046
GOOG,0.11099999999999999
