Stock,Weight
APD,0.07033653846153845
ALB,0.07937499999999999
NEM,0.030624999999999993
FCX,0.03004807692307692
NUE,0.030432692307692306
DOW,0.040624999999999994
DD,0.040096153846153844
LIN,0.080625
SHW,0.0802403846153846
CTVA,0.040240384615384615
IFF,0.04966346153846153
CF,0.04
MLM,0.030817307692307686
VMC,0.049903846153846146
PKG,0.04942307692307691
IP,0.049278846153846145
PPG,0.06923076923076922
ECL,0.06990384615384616
MOS,0.029759615384615384
EMN,0.03937499999999999
