Stock,Weight
APD,0.08
CF,0.059230769230769226
ECL,0.07052884615384615
ALB,0.06100961538461538
FCX,0.030913461538461532
NEM,0.050144230769230774
NUE,0.06951923076923078
VMC,0.05033653846153845
MLM,0.059855769230769226
SHW,0.09971153846153845
PPG,0.07956730769230769
LIN,0.11971153846153842
DOW,0.05038461538461538
IP,0.04971153846153846
DD,0.069375
