Stock,Weight
LMT,0.082
RTX,0.07
NOC,0.066
CAT,0.05800000000000001
DE,0.05
PH,0.044000000000000004
HON,0.052000000000000005
MMM,0.038
UNP,0.068
CSX,0.05
FDX,0.044
UPS,0.046
EXPD,0.036000000000000004
ITW,0.05600000000000001
EMR,0.048
ETN,0.038
ROK,0.034
NSC,0.044000000000000004
CMI,0.036
BA,0.04
