Stock,Weight
RTX,0.08548707753479126
LMT,0.09343936381709742
NOC,0.073558648111332
BA,0.04771371769383698
HON,0.08747514910536779
CAT,0.08349900596421472
DE,0.05964214711729622
ITW,0.06759443339960239
EMR,0.05964214711729622
PH,0.04970178926441352
UNP,0.08747514910536779
FDX,0.057654075546719676
MMM,0.04373757455268389
GE,0.04970178926441352
CMI,0.053677932405566606
