Stock,Weight
PLD,0.11377245508982035
EQIX,0.09980039920159679
DLR,0.0898203592814371
AMT,0.09580838323353291
CCI,0.06586826347305388
SBAC,0.05788423153692613
O,0.06586826347305388
PSA,0.061876247504990003
VTR,0.05189620758483033
SPG,0.061876247504990003
AVB,0.05189620758483033
EQR,0.04590818363273453
UDR,0.04191616766467065
WELL,0.047904191616766456
ESS,0.047904191616766456
