Stock,Weight
NEE,0.11321506876619493
EXC,0.08411401235798285
AWK,0.05800279051225831
ES,0.0627865258122384
AEP,0.06956348415387681
ED,0.055212278253936604
SO,0.06159059198724337
WEC,0.040861072353996414
PEG,0.045246163045644806
PPL,0.027705800279051222
AEE,0.027905122583217055
XEL,0.03826988239984054
SRE,0.056607534383097464
CMS,0.040861072353996414
PNW,0.02969902332070959
D,0.0496312537372932
EVRG,0.03069563484153877
DUK,0.06657364959138927
FE,0.020729519633246957
CNP,0.020729519633246957
