Stock,Weight
KO,0.07400000000000001
PEP,0.10400000000000001
PG,0.098
CL,0.044
KMB,0.05
CLX,0.044
EL,0.07
COST,0.132
WMT,0.11000000000000001
STZ,0.052000000000000005
GIS,0.046000000000000006
CHD,0.05
PM,0.04
MO,0.038
KR,0.048
