Stock,Weight
PLD,0.1
AVB,0.034
EQR,0.041999999999999996
O,0.027000000000000003
FRT,0.017
KIM,0.014000000000000002
BXP,0.020999999999999998
HST,0.017
WELL,0.042
VTR,0.038
DLR,0.10400000000000001
EQIX,0.092
CCI,0.076
AMT,0.084
PSA,0.063
EXR,0.06399999999999999
SPG,0.025
MAA,0.042
IRM,0.024
SBAC,0.074
