Stock,Weight
JPM,0.10630899155489319
BAC,0.07153502235469449
C,0.0407352210630899
PNC,0.05166418281172379
USB,0.032786885245901634
AIG,0.021857923497267756
ALL,0.04073522106308991
TRV,0.06159960258320913
PRU,0.02682563338301043
GS,0.0546448087431694
MS,0.06855439642324887
ICE,0.06557377049180327
BLK,0.07153502235469449
SCHW,0.05265772478887231
MMC,0.027322404371584695
MET,0.02682563338301043
CME,0.04967709885742672
TROW,0.04769001490312965
AXP,0.04967709885742672
COF,0.0317933432687531
