Stock,Weight
JPM,0.12574850299401194
BAC,0.0778443113772455
GS,0.09381237524950098
MS,0.07185628742514968
BLK,0.0778443113772455
SCHW,0.06387225548902194
AON,0.07385229540918163
PNC,0.04590818363273453
USB,0.04391217564870259
MMC,0.04590818363273452
AIG,0.03592814371257484
AXP,0.05189620758483033
CME,0.0718562874251497
ICE,0.06986027944111775
C,0.049900199600798396
