Stock,Weight
AAPL,0.096
MSFT,0.10800000000000001
NVDA,0.11399999999999999
AVGO,0.066
ORCL,0.034
ADBE,0.062
TXN,0.044000000000000004
QCOM,0.041
AMD,0.068
LRCX,0.03900000000000001
CRM,0.057999999999999996
INTU,0.036
NOW,0.054000000000000006
WDAY,0.036
CSCO,0.027000000000000003
PANW,0.030000000000000006
FTNT,0.022
INTC,0.019999999999999997
CRWD,0.032
IBM,0.013000000000000001
