Stock,Weight
NVDA,0.14426877470355728
AMD,0.08498023715415018
AVGO,0.07114624505928853
QCOM,0.04545454545454544
AAPL,0.11067193675889327
CSCO,0.02766798418972331
ACN,0.0375494071146245
ORCL,0.031620553359683785
ADBE,0.06719367588932805
CRM,0.07114624505928853
SNPS,0.05533596837944662
MSFT,0.1284584980237154
NOW,0.0592885375494071
INTC,0.01976284584980237
TXN,0.04545454545454545
