Stock,Weight
AMZN,0.11199999999999999
TSLA,0.10999999999999999
HD,0.08
MCD,0.07200000000000001
NKE,0.068
SBUX,0.055999999999999994
BKNG,0.05800000000000001
LULU,0.068
TJX,0.048
LOW,0.06200000000000001
MAR,0.046
CMG,0.062
YUM,0.05
WYNN,0.048
ULTA,0.06
