Stock,Weight
XOM,0.1
CVX,0.094
EOG,0.1
COP,0.10200000000000001
APA,0.076
DVN,0.064
OXY,0.048
KMI,0.068
PSX,0.055999999999999994
MPC,0.052000000000000005
VLO,0.048
SLB,0.072
BKR,0.038
HAL,0.034
OKE,0.048
