Stock,Weight
XOM,0.10200000000000001
CVX,0.096
COP,0.08399999999999999
EOG,0.076
APA,0.054000000000000006
DVN,0.05
OXY,0.04
FANG,0.048
EQT,0.030000000000000006
SLB,0.0424
HAL,0.0344
BKR,0.0244
KMI,0.048
WMB,0.042
OKE,0.030000000000000006
PSX,0.048
VLO,0.044000000000000004
HES,0.0324
CTRA,0.024399999999999998
MPC,0.05
