Stock,Weight
KO,0.06956278251130045
PEP,0.08626345053802152
PG,0.06956278251130045
PM,0.027381095243809748
MO,0.025381015240609626
KMB,0.04448177927117084
COST,0.08826353054122164
STZ,0.04716188647545901
HSY,0.04786191447657906
CHD,0.045161806472258884
CL,0.03816152646105844
CAG,0.03378135125405016
SJM,0.03848153926157046
KR,0.032481299251970075
WMT,0.054562182487299486
CLX,0.0437817512700508
KHC,0.029781191247649913
MDLZ,0.06386255450218008
GIS,0.04816192647705908
EL,0.06586263450538021
