Stock,Weight
DUK,0.05700000000000001
SO,0.07200000000000001
AEP,0.064
XEL,0.08600000000000001
EXC,0.098
NEE,0.124
AWK,0.042
AES,0.066
D,0.062
SRE,0.061
PEG,0.05500000000000001
ED,0.05700000000000001
ES,0.05399999999999999
WEC,0.057999999999999996
CNP,0.044000000000000004
