Stock,Weight
AMZN,0.096
EBAY,0.028000000000000004
HD,0.05
LOW,0.037
TSLA,0.10699999999999998
NKE,0.074
LULU,0.079
ULTA,0.07300000000000001
TJX,0.034
ROST,0.034
MCD,0.043000000000000003
SBUX,0.032
CMG,0.048
BKNG,0.048
MAR,0.044
ORLY,0.05
WYNN,0.032
YUM,0.025
KMX,0.02
AZO,0.046
