Stock,Weight
JPM,0.09081632653061224
BAC,0.07142857142857144
WFC,0.022448979591836733
PNC,0.028571428571428577
TFC,0.024489795918367353
PGR,0.05
MET,0.03265306122448979
CB,0.041836734693877546
GS,0.06326530612244897
MS,0.05
SCHW,0.06938775510204082
BLK,0.06938775510204082
ICE,0.05816326530612246
AXP,0.056122448979591844
COF,0.0336734693877551
FIS,0.03775510204081633
SPGI,0.07755102040816327
MCO,0.06326530612244897
BK,0.03061224489795919
CBOE,0.028571428571428577
