Stock,Weight
GOOGL,0.17499378573204075
META,0.16405667412378822
DIS,0.07954262987820034
NFLX,0.11334824757643547
TMUS,0.08948545861297537
CHTR,0.06164553815560526
EA,0.05269699229430773
LYV,0.03977131493910017
OMC,0.009942828734775042
TTWO,0.05866268953517276
FOXA,0.013671389510315683
WBD,0.025851354710415112
VZ,0.026845637583892617
PARA,0.014914243102162562
CMCSA,0.07457121551081282
