Stock,Weight
PLD,0.11919191919191917
AMT,0.11616161616161615
EQIX,0.11111111111111109
CCI,0.09595959595959595
AVB,0.050505050505050504
PSA,0.04646464646464646
O,0.045454545454545456
DLR,0.0909090909090909
WELL,0.05454545454545454
EXR,0.04848484848484848
SBAC,0.07979797979797978
ARE,0.04646464646464646
EQR,0.04242424242424242
MAA,0.026262626262626262
SPG,0.026262626262626262
