Stock,Weight
AMZN,0.1875311720698254
TSLA,0.14164588528678304
HD,0.09775561097256856
NKE,0.07381546134663342
MCD,0.027930174563591023
BKNG,0.08977556109725685
LOW,0.06384039900249376
SBUX,0.045885286783042385
F,0.012468827930174562
DHI,0.03391521197007481
ORLY,0.06184538653366582
TJX,0.045885286783042385
RCL,0.019950124688279298
ULTA,0.04189526184538653
AZO,0.055860349127182046
