Stock,Weight
NEE,0.14848484848484844
SO,0.08383838383838382
DUK,0.08282828282828282
D,0.06868686868686867
AEP,0.0909090909090909
EXC,0.053535353535353526
XEL,0.08484848484848484
ES,0.05757575757575757
SRE,0.07676767676767676
WEC,0.060606060606060594
PEG,0.03737373737373737
ETR,0.04646464646464645
AEE,0.0414141414141414
AWK,0.039393939393939384
CNP,0.02727272727272727
