Stock,Weight
LIN,0.11244979919678712
SHW,0.09136546184738954
APD,0.07931726907630521
ECL,0.08232931726907629
FCX,0.0642570281124498
NUE,0.05421686746987951
DOW,0.04819277108433734
VMC,0.0642570281124498
MLM,0.06325301204819275
PPG,0.05522088353413654
BALL,0.04819277108433734
PKG,0.04718875502008031
AVY,0.05220883534136545
ALB,0.10040160642570278
CF,0.03714859437751003
