Stock,Weight
MSFT,0.15000000000000002
NVDA,0.162
AVGO,0.11400000000000002
ADBE,0.064
NOW,0.066
CRM,0.042
PANW,0.09
INTU,0.020999999999999998
AMD,0.07400000000000001
KLAC,0.041999999999999996
FTNT,0.036
ANET,0.078
CDNS,0.031
AAPL,0.02
TXN,0.01
