Stock,Weight
LLY,0.1349206349206349
UNH,0.08134920634920634
DHR,0.08134920634920634
ISRG,0.10317460317460315
REGN,0.09027777777777775
VRTX,0.0863095238095238
ABT,0.05654761904761903
HUM,0.03472222222222222
DXCM,0.08333333333333331
ZTS,0.03769841269841269
IDXX,0.05654761904761904
TMO,0.05853174603174602
MRNA,0.02182539682539682
BSX,0.049603174603174593
JNJ,0.023809523809523805
