Stock,Weight
HON,0.06535753982956652
UNP,0.06291218969988885
UPS,0.0474990737310115
CAT,0.05774978387056936
DE,0.06520933679140423
RTX,0.030159318266024457
LMT,0.027936272693590218
WM,0.06511053476596272
CSX,0.045053723601333834
GE,0.03749536865505743
ETN,0.05535383475361246
ITW,0.04517722613313574
PH,0.05742867728788441
FDX,0.02751636408546376
CARR,0.057329875262442896
ROK,0.05248857601580832
GWW,0.03255526738298136
ODFL,0.07511423984191676
JCI,0.03999011979745585
TT,0.05256267753488947
