Stock,Weight
AMZN,0.15249266862170086
TSLA,0.10948191593352884
HD,0.09384164222873899
NKE,0.06451612903225806
MCD,0.04496578690127077
LOW,0.05571847507331377
BKNG,0.061583577712609965
SBUX,0.0469208211143695
TJX,0.04496578690127077
ORLY,0.04985337243401759
AZO,0.04985337243401759
DHI,0.020527859237536656
LEN,0.021505376344086016
ROST,0.03421309872922775
F,0.010752688172043008
GM,0.01466275659824047
ULTA,0.03714565004887585
CCL,0.008797653958944279
NVR,0.03421309872922775
DPZ,0.0439882697947214
