Stock,Weight
JPM,0.1317365269461078
BAC,0.08682634730538921
BLK,0.10778443113772454
SPGI,0.10079840319361279
AXP,0.07185628742514971
CB,0.03792415169660678
MMC,0.04790419161676647
SCHW,0.06686626746506986
ICE,0.08982035928143713
PYPL,0.057884231536926144
BK,0.0249500998003992
GS,0.06986027944111776
MS,0.05089820359281438
FIS,0.022954091816367265
CBOE,0.031936127744510975
