Stock,Weight
NEE,0.12647058823529408
SO,0.06960784313725489
DUK,0.05882352941176469
D,0.05980392156862743
AEP,0.07549019607843135
EXC,0.032352941176470584
XEL,0.07352941176470587
WEC,0.07156862745098039
ES,0.04509803921568626
ETR,0.036274509803921565
PEG,0.04411764705882352
ATO,0.028431372549019607
SRE,0.06078431372549018
NI,0.019607843137254898
AWK,0.04117647058823529
CNP,0.02156862745098039
AEE,0.03725490196078431
FE,0.024509803921568624
DTE,0.04411764705882352
LNT,0.029411764705882346
