Stock,Weight
XOM,0.08196560196560196
CVX,0.08054054054054054
COP,0.09307125307125307
EOG,0.11017199017199017
SLB,0.040442260442260444
MPC,0.06933660933660933
VLO,0.0565110565110565
OXY,0.06068796068796068
PSX,0.055331695331695324
HAL,0.03051597051597051
BKR,0.030368550368550365
WMB,0.05646191646191646
KMI,0.049238329238329236
FANG,0.10029484029484029
DVN,0.08506142506142506
