Stock,Weight
PG,0.09853197312764367
KO,0.0706643443642697
PEP,0.11445633242100021
COST,0.143319233640209
MDLZ,0.07663597909927841
CL,0.05772580243841751
K,0.023637720826076132
STZ,0.10549888031848714
HSY,0.046777805424234875
CAG,0.015924359293356553
SJM,0.016919631749191335
ADM,0.02786762876337397
KR,0.042796715600895735
WMT,0.10947997014182628
CHD,0.04976362279173923
