Stock,Weight
UNP,0.08016313496147666
HON,0.09019555034002481
RTX,0.04490058963285014
CAT,0.060011734944162815
DE,0.07443994498042572
WM,0.06525398459067167
ODFL,0.10015101526504622
LMT,0.04937333474409164
ETN,0.09490876561853737
FAST,0.025576406990948694
CSX,0.03591662418360378
TT,0.08447236035897385
GWW,0.030481998403278084
PH,0.06996719986918422
ROK,0.0941873551167242
