Stock,Weight
PG,0.08066102695258705
KO,0.05606925044265198
PEP,0.08754672437536885
CL,0.05311823726145975
MDLZ,0.07377532952980523
STZ,0.08459571119417665
SJM,0.019673421207948058
K,0.018296281723391695
HSY,0.05508557938225456
CLX,0.024591776509935076
CHD,0.044265197717883134
CAG,0.019673421207948058
GIS,0.02557544757033248
KHC,0.021640763328742863
BF.B,0.048199881959472744
HRL,0.02655911863072988
COST,0.11804052724768835
KR,0.03541215817430651
MO,0.016722408026755852
WMT,0.09049773755656107
