Stock,Weight
AMZN,0.1515151515151515
TSLA,0.10101010101010101
HD,0.0808080808080808
BKNG,0.0808080808080808
NKE,0.0707070707070707
LOW,0.0606060606060606
ORLY,0.0606060606060606
AZO,0.0606060606060606
ULTA,0.050505050505050504
TJX,0.050505050505050504
ROST,0.0404040404040404
SBUX,0.0404040404040404
DPZ,0.0303030303030303
MCD,0.0303030303030303
NVR,0.0202020202020202
LEN,0.0202020202020202
DHI,0.0202020202020202
GM,0.0101010101010101
F,0.0101010101010101
CCL,0.0101010101010101
