Stock,Weight
FANG,0.10471204188481675
COP,0.09947643979057591
EOG,0.09424083769633507
XOM,0.08900523560209424
CVX,0.0837696335078534
HES,0.07853403141361255
CTRA,0.06282722513089005
MPC,0.05759162303664921
OKE,0.05235602094240838
OXY,0.04712041884816753
WMB,0.0418848167539267
PSX,0.03664921465968587
DVN,0.031413612565445025
SLB,0.02617801047120419
VLO,0.02617801047120419
KMI,0.02094240837696335
APA,0.015706806282722512
HAL,0.015706806282722512
BKR,0.010471204188481674
TRGP,0.005235602094240837
