Stock,Weight
GOOGL,0.1568627450980392
 META,0.13725490196078433
 NFLX,0.11764705882352941
 DIS,0.09803921568627451
 TMUS,0.0784313725490196
 EA,0.06862745098039216
 TTWO,0.058823529411764705
 CMCSA,0.058823529411764705
 VZ,0.049019607843137254
 T,0.0392156862745098
 CHTR,0.029411764705882353
 GOOG,0.0196078431372549
 LYV,0.0196078431372549
 FOXA,0.0196078431372549
 PARA,0.00980392156862745
 WBD,0.00980392156862745
 FOX,0.00980392156862745
 NWSA,0.00980392156862745
 MTCH,0.00980392156862745
