Stock,Weight
XOM,0.13636363636363635
 CVX,0.1272727272727273
 COP,0.10909090909090907
 SLB,0.07272727272727272
 HAL,0.054545454545454536
 MPC,0.06363636363636364
 PSX,0.054545454545454536
 EOG,0.09090909090909091
 OXY,0.07272727272727272
 DVN,0.054545454545454536
 VLO,0.03636363636363636
 BKR,0.027272727272727268
 HES,0.045454545454545456
 WMB,0.027272727272727268
 APA,0.027272727272727268
