Stock,Weight
NEE,0.1296111665004985
SO,0.09571286141575273
DUK,0.0917248255234297
AEP,0.07776669990029911
EXC,0.06879361914257229
XEL,0.059820538384845454
SRE,0.0588235294117647
WEC,0.049850448654037885
ES,0.04885343968095712
D,0.045862412761714856
PEG,0.038883349950149554
CMS,0.0378863409770688
AWK,0.0378863409770688
CNP,0.028913260219341968
PNW,0.027916251246261216
NI,0.023928215353938184
DTE,0.021934197407776666
FE,0.0189431704885344
ED,0.0189431704885344
ATO,0.01794616151545364
