Stock,Weight
LIN,0.13888888888888887
APD,0.09259259259259257
SHW,0.09259259259259257
ECL,0.0759259259259259
FCX,0.07962962962962962
NUE,0.07407407407407406
MLM,0.06296296296296296
VMC,0.06296296296296296
PPG,0.05925925925925925
DD,0.04999999999999999
ALB,0.04999999999999999
BALL,0.03703703703703703
CTVA,0.042592592592592585
NEM,0.042592592592592585
IP,0.03888888888888888
