Stock,Weight
GOOGL,0.19004926108374384
META,0.16000000000000003
NFLX,0.11990147783251234
TMUS,0.0949753694581281
DIS,0.08000000000000002
CMCSA,0.07004926108374385
EA,0.05502463054187193
VZ,0.05004926108374385
T,0.04004926108374385
TTWO,0.0325615763546798
OMC,0.030000000000000002
MTCH,0.022561576354679806
WBD,0.01995073891625616
PARA,0.017389162561576355
FOXA,0.017438423645320198
