Stock,Weight
AAPL,0.13267326732673265
MSFT,0.13465346534653463
NVDA,0.13069306930693067
AVGO,0.08415841584158414
CRM,0.05742574257425742
ADBE,0.06138613861386137
AMD,0.06336633663366335
ACN,0.04752475247524751
INTU,0.04752475247524751
CSCO,0.039603960396039604
PANW,0.054455445544554434
CDNS,0.04257425742574257
SNPS,0.04257425742574257
ANET,0.030693069306930693
NOW,0.030693069306930686
