Stock,Weight
HON,0.08834586466165413
UNP,0.07518796992481203
LMT,0.08176691729323309
CAT,0.08082706766917293
RTX,0.06578947368421052
DE,0.07518796992481203
PH,0.06672932330827068
ETN,0.07424812030075188
NOC,0.06578947368421052
ROK,0.05451127819548871
WM,0.06860902255639098
GWW,0.052631578947368425
CARR,0.049812030075187974
TDG,0.052631578947368425
FDX,0.04793233082706767
