Stock,Weight
XOM,0.14038461538461533
CVX,0.12115384615384613
COP,0.09807692307692306
EOG,0.08653846153846151
MPC,0.06923076923076922
VLO,0.06346153846153844
PSX,0.055769230769230765
SLB,0.07115384615384615
BKR,0.02692307692307692
WMB,0.04038461538461538
KMI,0.0423076923076923
CTRA,0.028846153846153844
DVN,0.044230769230769226
HAL,0.0346153846153846
OXY,0.0769230769230769
