Stock,Weight
JPM,0.08566108007448789
BAC,0.0595903165735568
WFC,0.042830540037243944
MS,0.06238361266294227
PNC,0.030726256983240222
CB,0.049348230912476726
PGR,0.05121042830540036
AON,0.03910614525139664
MMC,0.040037243947858465
MET,0.032588454376163874
BLK,0.06517690875232775
SCHW,0.03910614525139665
CME,0.03351955307262569
SPGI,0.06238361266294227
ICE,0.04003724394785847
V,0.08193668528864059
MA,0.07914338919925511
GS,0.04376163873370577
TROW,0.0223463687150838
AXP,0.03910614525139665
