Stock,Weight
UNP,0.06678848789401555
HON,0.05737779808131568
RTX,0.04760164458656921
CAT,0.07565098218364552
DE,0.047967108268615805
LMT,0.06633165829145729
GE,0.06669712197350389
WM,0.05701233439926908
NOC,0.05226130653266332
EMR,0.0429419826404751
PH,0.047784376427592506
CSX,0.04330744632252171
CARR,0.03819095477386935
ROK,0.0380995888533577
ITW,0.04751027866605756
FAST,0.03791685701233441
ODFL,0.03343992690726359
XYL,0.028688899040657835
CTAS,0.042850616719963465
ETN,0.06158063042485154
