Stock,Weight
LLY,0.15476190476190474
UNH,0.12499999999999997
TMO,0.10119047619047618
ABT,0.07539682539682539
VRTX,0.07936507936507935
ISRG,0.07142857142857142
REGN,0.06547619047619047
SYK,0.05952380952380951
CI,0.05555555555555554
DHR,0.05555555555555554
MRK,0.04761904761904761
HUM,0.03769841269841269
MCK,0.029761904761904753
JNJ,0.019841269841269837
ELV,0.02182539682539682
