Stock,Weight
PG,0.12512218963831867
KO,0.09579667644183773
PEP,0.09188660801564026
COST,0.09188660801564026
WMT,0.08797653958944282
CL,0.0635386119257087
KMB,0.050830889540566956
MDLZ,0.05474095796676442
EL,0.04105571847507331
SYY,0.04301075268817203
STZ,0.03910068426197458
HSY,0.038123167155425214
KR,0.033235581622678395
TAP,0.02150537634408602
MKC,0.025415444770283478
CHD,0.025415444770283478
CAG,0.018572825024437925
CPB,0.017595307917888558
WBA,0.015640273704789834
K,0.01955034213098729
