Stock,Weight
JPM,0.12884615384615386
BAC,0.07115384615384615
WFC,0.05
MS,0.07115384615384616
GS,0.06730769230769232
SCHW,0.055769230769230765
BLK,0.08653846153846154
SPGI,0.08269230769230768
AXP,0.06538461538461539
V,0.09423076923076923
MA,0.09038461538461538
CB,0.04038461538461539
MMC,0.032692307692307694
PGR,0.03461538461538461
AON,0.02884615384615385
