Stock,Weight
PG,0.13627254509018033
KO,0.09619238476953905
PEP,0.10220440881763525
WMT,0.1202404809619238
COST,0.11222444889779554
EL,0.039078156312625234
CL,0.06412825651302603
KMB,0.04408817635270539
MDLZ,0.07014028056112223
CHD,0.0410821643286573
STZ,0.0440881763527054
KR,0.03907815631262523
HSY,0.0440881763527054
CLX,0.028056112224448884
MKC,0.019038076152304607
