Stock,Weight
PLD,0.1259259259259259
EQIX,0.11481481481481479
PSA,0.08888888888888886
WELL,0.08148148148148146
AVB,0.0648148148148148
SPG,0.07407407407407406
DLR,0.07592592592592591
O,0.0648148148148148
EXR,0.0537037037037037
ARE,0.05185185185185184
CCI,0.05185185185185183
INVH,0.033333333333333326
AMT,0.061111111111111095
EQR,0.029629629629629624
VTR,0.027777777777777776
