Stock,Weight
LLY,0.10703666997026759
MRK,0.0574826560951437
PFE,0.02378592666005946
BMY,0.020812685827552028
JNJ,0.07928642220019821
ABBV,0.07234886025768088
VRTX,0.07036669970267592
REGN,0.059464816650148654
GILD,0.021803766105054505
UNH,0.09316154608523289
TMO,0.06541129831516353
ABT,0.04757185332011892
ISRG,0.05252725470763132
SYK,0.04360753221010901
DHR,0.05153617443012884
EW,0.02675916749256689
CI,0.03270564915758176
MCK,0.02874132804757185
HUM,0.02576808721506442
MDT,0.019821605550049554
