Stock,Weight
AMZN,0.17029702970297028
TSLA,0.11287128712871286
HD,0.09900990099009899
MCD,0.08316831683168316
NKE,0.07128712871287128
SBUX,0.06732673267326732
LOW,0.06534653465346534
BKNG,0.06138613861386137
TJX,0.05544554455445544
ROST,0.04950495049504949
YUM,0.04158415841584158
DHI,0.03762376237623762
MAR,0.03366336633663366
ORLY,0.02772277227722772
CMG,0.023762376237623756
