Stock,Weight
NEE,0.15139442231075695
SO,0.11752988047808761
DUK,0.10557768924302788
SRE,0.08964143426294818
XEL,0.08167330677290834
WEC,0.07370517928286852
PEG,0.0697211155378486
ES,0.06175298804780875
ATO,0.05577689243027887
CNP,0.049800796812748994
NI,0.041832669322709154
AWK,0.03386454183266932
PNW,0.02589641434262948
AEP,0.021912350597609556
DTE,0.019920318725099598
