Stock,Weight
WMT,0.10101010101010101
 COST,0.10101010101010101
 PG,0.0808080808080808
 KO,0.0707070707070707
 PEP,0.0707070707070707
 MO,0.0606060606060606
 PM,0.0606060606060606
 EL,0.050505050505050504
 MDLZ,0.050505050505050504
 CL,0.0404040404040404
 KMB,0.0404040404040404
 GIS,0.0303030303030303
 K,0.0303030303030303
 HSY,0.0303030303030303
 CLX,0.0303030303030303
 SYY,0.0303030303030303
 ADM,0.0303030303030303
 TSN,0.0303030303030303
 HRL,0.0303030303030303
 MKC,0.0303030303030303
