Stock,Weight
EQIX,0.10300000000000001
DLR,0.08
AMT,0.08800000000000001
CCI,0.06100000000000001
PLD,0.11499999999999999
AVB,0.043000000000000003
EQR,0.032600000000000004
ESS,0.0344
MAA,0.0376
UDR,0.0284
INVH,0.053000000000000005
WELL,0.045
VTR,0.036000000000000004
SPG,0.035
REG,0.024
KIM,0.02
O,0.05
VICI,0.059
HST,0.0185
WY,0.0365
