Stock,Weight
PG,0.085
KO,0.066
PEP,0.085
COST,0.10200000000000001
WMT,0.07400000000000001
MDLZ,0.069
CL,0.045
KMB,0.032
CHD,0.049
HSY,0.032
MKC,0.032
ADM,0.026000000000000002
MNST,0.05700000000000001
KDP,0.034
STZ,0.051000000000000004
PM,0.036000000000000004
KR,0.036000000000000004
SYY,0.028999999999999998
GIS,0.039
EL,0.021
