Stock,Weight
LLY,0.092
UNH,0.067
TMO,0.07200000000000001
DHR,0.057999999999999996
ABT,0.053000000000000005
SYK,0.054000000000000006
REGN,0.05800000000000001
VRTX,0.05600000000000001
BSX,0.047
ISRG,0.051000000000000004
IDXX,0.036
EW,0.034
IQV,0.041
MRK,0.052000000000000005
ABBV,0.04540000000000001
MCK,0.044
ELV,0.042
COR,0.035
HCA,0.032
GILD,0.0306
