Stock,Weight
XOM,0.11199999999999999
CVX,0.094
COP,0.068
EOG,0.066
OXY,0.046000000000000006
FANG,0.052000000000000005
DVN,0.038
APA,0.026000000000000002
CTRA,0.042
HES,0.05
SLB,0.055999999999999994
HAL,0.037
BKR,0.031
WMB,0.047
OKE,0.04
KMI,0.032
TRGP,0.041
VLO,0.047
MPC,0.040999999999999995
PSX,0.034
