Stock,Weight
NEE,0.1
CEG,0.08299999999999999
SRE,0.063
AEP,0.059
SO,0.052000000000000005
DUK,0.056999999999999995
EXC,0.062
XEL,0.057999999999999996
WEC,0.049
DTE,0.043000000000000003
CMS,0.043000000000000003
LNT,0.038000000000000006
ETR,0.034
NRG,0.045000000000000005
AES,0.041
PEG,0.03900000000000001
ED,0.034
AWK,0.036
ATO,0.029000000000000005
CNP,0.034999999999999996
