Stock,Weight
LIN,0.10699999999999998
APD,0.08600000000000001
SHW,0.081
ECL,0.07400000000000001
PPG,0.047
MLM,0.056999999999999995
VMC,0.056999999999999995
DD,0.032
LYB,0.033
DOW,0.026000000000000002
CF,0.028000000000000004
MOS,0.023
CTVA,0.05500000000000001
FCX,0.061
NEM,0.032
ALB,0.040999999999999995
NUE,0.043
STLD,0.037000000000000005
BALL,0.034
PKG,0.046
