Stock,Weight
ETN,0.083
ITW,0.04
PH,0.064
ROK,0.063
EMR,0.04
GWW,0.05
DE,0.04
CAT,0.036000000000000004
PWR,0.067
TT,0.061
CARR,0.047
WM,0.046
UNP,0.041
UPS,0.032
LMT,0.047
NOC,0.044
RTX,0.036000000000000004
TDG,0.063
HWM,0.044
GE,0.05600000000000001
