Stock,Weight
AMZN,0.10899999999999999
TSLA,0.05
HD,0.07100000000000001
LOW,0.045000000000000005
MCD,0.065
NKE,0.034
LULU,0.047
TJX,0.066
ROST,0.043
ULTA,0.04
ORLY,0.059
AZO,0.056999999999999995
BKNG,0.06
MAR,0.035
HLT,0.035
CMG,0.052000000000000005
SBUX,0.05
DPZ,0.032
DHI,0.025
LEN,0.025
