Stock,Weight
GOOGL,0.1255
META,0.15300000000000002
NFLX,0.101
TMUS,0.091
CMCSA,0.069
DIS,0.05
EA,0.046
TTWO,0.042
LYV,0.027000000000000003
MTCH,0.024
OMC,0.0182
IPG,0.0162
VZ,0.023
T,0.0172
WBD,0.013600000000000001
PARA,0.0112
FOXA,0.011800000000000001
NWSA,0.011800000000000001
CHTR,0.053000000000000005
GOOG,0.0955
