Stock,Weight
MSFT,0.094
NVDA,0.10799999999999998
AVGO,0.079
AAPL,0.053000000000000005
ORCL,0.033
ADBE,0.049
CRM,0.045
NOW,0.05500000000000001
INTU,0.04
SNPS,0.051000000000000004
CDNS,0.047
AMD,0.043000000000000003
QCOM,0.036000000000000004
TXN,0.028000000000000004
AMAT,0.03900000000000001
LRCX,0.038000000000000006
KLAC,0.032
ANET,0.044
PANW,0.048
CRWD,0.038
