Stock,Weight
SPGI,0.091
MCO,0.069
MSCI,0.074
ICE,0.069
CME,0.056999999999999995
CBOE,0.034999999999999996
BLK,0.075
SCHW,0.038
PGR,0.061
CB,0.051000000000000004
MMC,0.061
AJG,0.052000000000000005
JPM,0.061
MS,0.034
PNC,0.024
USB,0.023
BK,0.023
GS,0.032
BAC,0.038
TRV,0.032
