HON,UNP,UPS,CAT,DE,RTX,LMT,WM,CSX,GE,ETN,ITW,PH,FDX,CARR,ROK,GWW,ODFL,JCI,TT
0.03,0.03,0.03,0.03,0.029999999999999995,0.029999999999999995,0.030000000000000002,0.031031332233894277,0.03,0.029999999999999995,0.13,0.029999999999999995,0.03,0.03,0.13,0.029999999999999992,0.13,0.029999999999999995,0.03,0.12896866776610538