JNJ,MRK,ABBV,BMY,AMGN,VRTX,REGN,GILD,BIIB,ISRG,SYK,BSX,ABT,UNH,HUM,CI,DHR,TMO,DXCM,LLY
0.13,0.13,0.0497844032114355,0.04735561372529695,0.03,0.07385476718050568,0.030000000000000002,0.13,0.03,0.029999999999999995,0.03,0.029999999999999995,0.03,0.029999999999999995,0.03,0.03,0.03,0.04900521588276231,0.029999999999999995,0.03