AMZN,TSLA,HD,NKE,MCD,LOW,BKNG,SBUX,TJX,ORLY,AZO,DHI,LEN,ROST,F,GM,ULTA,CCL,NVR,DPZ
0.05648744813445258,0.03,0.03,0.03,0.13,0.03,0.029999999999999995,0.03529603417275924,0.03,0.13,0.1278337789176216,0.029999999999999995,0.03,0.029999999999999995,0.03,0.03,0.030000000000000002,0.03,0.029999999999999992,0.10038273877516715