JPM,BAC,WFC,PNC,TFC,PGR,MET,CB,GS,MS,SCHW,BLK,ICE,AXP,COF,FIS,SPGI,MCO,BK,CBOE
0.029999999999999995,0.03,0.03,0.029999999999999995,0.029999999999999995,0.13,0.029999999999999995,0.034007844175845986,0.08139376246823934,0.13,0.03,0.06710976043264259,0.03748863292327227,0.03,0.03,0.03,0.03,0.03,0.03,0.13