AMZN,TSLA,HD,NKE,MCD,LOW,BKNG,SBUX,TJX,ORLY,AZO,DHI,LEN,ROST,F,GM,ULTA,CCL,NVR,DPZ
0.06750873832622024,0.13,0.03,0.029999999999999992,0.030000000000000002,0.03,0.029999999999999995,0.03,0.029999999999999992,0.12999999999999998,0.13,0.0924912616737801,0.030000000000000002,0.03,0.03,0.03,0.03,0.029999999999999995,0.03,0.029999999999999995