PG,KO,PEP,CL,MDLZ,STZ,SJM,K,HSY,CLX,CHD,CAG,GIS,KHC,BF.B,HRL,COST,KR,MO,WMT
0.03,0.03,0.03,0.13,0.03,0.029999999999999995,0.03,0.07464597703479019,0.03,0.029999999999999995,0.04819072058451988,0.03,0.03604897045705751,0.029999999999999995,0.03,0.13,0.04099513880810388,0.06813734044077942,0.05252681688705733,0.08945503578769147