DVN,FANG,CTRA,XOM,CVX,COP,SLB,HAL,BKR,WMB,MPC,VLO,OKE,OXY,PSX,HES,EOG,KMI,APA,TRGP
0.03,0.03,0.13,0.03353531558997227,0.1264646844100273,0.03,0.03,0.03,0.03,0.13,0.03,0.03,0.03,0.03,0.03,0.03,0.03,0.13,0.03,0.03