NEE,SO,DUK,D,AEP,EXC,XEL,WEC,ES,ETR,PEG,ATO,SRE,NI,AWK,CNP,AEE,FE,DTE,LNT
0.13,0.13,0.1253025489481315,0.029999999999999995,0.030000000000000002,0.03,0.03,0.03,0.029999999999999992,0.03,0.13,0.0346974510518688,0.03,0.03,0.029999999999999995,0.029999999999999995,0.029999999999999995,0.029999999999999995,0.03,0.030000000000000002