JNJ,MRK,ABBV,BMY,AMGN,VRTX,REGN,GILD,BIIB,ISRG,SYK,BSX,ABT,UNH,HUM,CI,DHR,TMO,DXCM,LLY
0.13,0.13,0.03,0.09213898266247071,0.03,0.05665510181427256,0.03,0.13,0.03,0.03,0.03,0.029999999999999995,0.03,0.03,0.03,0.03,0.029999999999999995,0.041205915523256496,0.030000000000000002,0.03