NVDA,AVGO,AMD,LRCX,MSFT,ADBE,NOW,CRM,INTU,AAPL,DELL,ANET,ACN,FTNT,PANW,SNPS,CRWD,KLAC,CDNS,IBM
0.029999999999999995,0.029999999999999995,0.029999999999999995,0.030000000000000002,0.12999999999999998,0.03,0.03,0.030000000000000002,0.03,0.1299999999999999,0.029999999999999995,0.029999999999999995,0.12999999999999998,0.03,0.03,0.03,0.03,0.03,0.03,0.13