NVDA,AVGO,AMD,LRCX,MSFT,ADBE,NOW,CRM,INTU,AAPL,DELL,ANET,ACN,FTNT,PANW,SNPS,CRWD,KLAC,CDNS,IBM
0.13,0.12589331641939136,0.029999999999999995,0.03,0.030000000000000002,0.03,0.03,0.030000000000000002,0.029999999999999995,0.03,0.05371887077977373,0.029999999999999995,0.03,0.029999999999999995,0.1103878128008352,0.03,0.029999999999999995,0.030000000000000002,0.029999999999999995,0.13