AMZN,TSLA,HD,NKE,MCD,LOW,BKNG,SBUX,TJX,ORLY,AZO,DHI,LEN,ROST,F,GM,ULTA,CCL,NVR,DPZ
0.13,0.03,0.03,0.029999999999999992,0.13,0.03,0.029999999999999995,0.03,0.029999999999999992,0.12999999999999987,0.03,0.029999999999999995,0.030000000000000002,0.03,0.03,0.03,0.03,0.029999999999999995,0.03,0.12999999999999998