PLD,AMT,CCI,EQIX,O,SPG,AVB,EQR,PSA,WELL,DLR,EXR,MAA,REG,ESS,SBAC,ARE,UDR,VICI,CPT
0.029999999999999995,0.029999999999999995,0.03,0.03,0.03,0.13,0.03,0.03,0.1295680336669691,0.13,0.029999999999999995,0.029999999999999992,0.030000000000000002,0.030431966333031506,0.03,0.03,0.029999999999999992,0.029999999999999995,0.13,0.03