NVDA,AVGO,AMD,LRCX,MSFT,ADBE,NOW,CRM,INTU,AAPL,DELL,ANET,ACN,FTNT,PANW,SNPS,CRWD,KLAC,CDNS,IBM
0.13,0.09859288846917624,0.03,0.029999999999999995,0.029999999999999995,0.029999999999999995,0.029999999999999995,0.029999999999999995,0.030000000000000002,0.06280740216166136,0.07191804974249104,0.12394672681915714,0.029999999999999992,0.08570614375036242,0.0370287890571521,0.03,0.03,0.03,0.029999999999999995,0.03