JNJ,MRK,ABBV,BMY,AMGN,VRTX,REGN,GILD,BIIB,ISRG,SYK,BSX,ABT,UNH,HUM,CI,DHR,TMO,DXCM,LLY
0.030000000000000002,0.03,0.13,0.029999999999999995,0.03,0.030105001079590774,0.03160871634039325,0.13,0.03,0.12828628258001581,0.03,0.029999999999999995,0.03,0.03,0.03,0.03,0.029999999999999995,0.03,0.030000000000000002,0.13