PG,KO,PEP,CL,MDLZ,STZ,SJM,K,HSY,CLX,CHD,CAG,GIS,KHC,BF.B,HRL,COST,KR,MO,WMT
0.03,0.03,0.03,0.03,0.03,0.029999999999999995,0.03,0.033230312899782455,0.03,0.029999999999999995,0.058237536020104605,0.03,0.03,0.029999999999999995,0.03,0.029999999999999995,0.13,0.13,0.09853215108011237,0.13