NVDA,AVGO,AMD,LRCX,MSFT,ADBE,NOW,CRM,INTU,AAPL,DELL,ANET,ACN,FTNT,PANW,SNPS,CRWD,KLAC,CDNS,IBM
0.13,0.13,0.029999999999999995,0.030000000000000002,0.03,0.03,0.03,0.030000000000000002,0.03,0.03,0.08349321330286046,0.13,0.03,0.0333109529494694,0.05057855661950371,0.03,0.05261727712816614,0.03,0.03,0.03