NEE,SO,DUK,D,AEP,EXC,XEL,WEC,ES,ETR,PEG,ATO,SRE,NI,AWK,CNP,AEE,FE,DTE,LNT
0.029999999999999995,0.13,0.13,0.04197534028397237,0.03,0.03,0.029999999999999995,0.04616008505671842,0.029999999999999995,0.029999999999999995,0.03931063454263641,0.12999999999999998,0.030000000000000002,0.030000000000000002,0.029999999999999995,0.03,0.03,0.045687281353605516,0.07686665876306754,0.03