PG,KO,PEP,CL,MDLZ,STZ,SJM,K,HSY,CLX,CHD,CAG,GIS,KHC,BF.B,HRL,COST,KR,MO,WMT
0.03,0.03,0.03,0.030000000000000002,0.03,0.029999999999999992,0.029999999999999995,0.04554356917076755,0.029999999999999995,0.029999999999999995,0.030000000000000002,0.029999999999999995,0.03,0.03,0.03,0.03,0.13,0.13,0.1144564308292319,0.13