LIN,SHW,APD,ECL,DOW,PPG,MLM,VMC,NUE,FCX,AVY,BALL,PKG,CF,MOS,NEM,STLD,ALB,DD,CTVA
0.13,0.03,0.029999999999999995,0.03,0.03,0.03,0.029999999999999995,0.03,0.03,0.09804170899206983,0.030000000000000002,0.029999999999999995,0.13,0.06195829100793057,0.03,0.03,0.13,0.03,0.029999999999999992,0.030000000000000002