JPM,BAC,WFC,PNC,TFC,PGR,MET,CB,GS,MS,SCHW,BLK,ICE,AXP,COF,FIS,SPGI,MCO,BK,CBOE
0.03,0.029999999999999992,0.03,0.029999999999999995,0.029999999999999995,0.13,0.030000000000000002,0.029999999999999995,0.029999999999999995,0.12999999999999998,0.029999999999999995,0.03,0.03,0.03,0.029999999999999995,0.03,0.12008488290409346,0.03991511709590674,0.030000000000000002,0.13