META,GOOGL,NFLX,DIS,TMUS,CHTR,CMCSA,EA,TTWO,LYV,WBD,PARA,MTCH,VZ,IPG,OMC,FOXA,T,NWSA,NWS
0.13,0.09919414764112373,0.03,0.029999999999999992,0.13,0.030000000000000002,0.03,0.03,0.03,0.05177745110097883,0.03,0.03,0.030000000000000002,0.03,0.03,0.03,0.09114826263854708,0.03,0.029999999999999995,0.07788013861935025