DVN,FANG,CTRA,XOM,CVX,COP,SLB,HAL,BKR,WMB,MPC,VLO,OKE,OXY,PSX,HES,EOG,KMI,APA,TRGP
0.03,0.03,0.0620436481229459,0.09795635187705368,0.13,0.03,0.03,0.03,0.03,0.13,0.03,0.03,0.03,0.03,0.03,0.03,0.03,0.13,0.03,0.03