HON,UNP,UPS,CAT,DE,RTX,LMT,WM,CSX,GE,ETN,ITW,PH,FDX,CARR,ROK,GWW,ODFL,JCI,TT
0.03,0.03,0.13,0.03,0.029999999999999995,0.029999999999999995,0.13,0.13,0.06047927187451613,0.029999999999999995,0.029999999999999995,0.03665806435881036,0.03,0.03,0.09286266376667325,0.029999999999999992,0.030000000000000002,0.029999999999999995,0.03,0.03