JNJ,MRK,ABBV,BMY,AMGN,VRTX,REGN,GILD,BIIB,ISRG,SYK,BSX,ABT,UNH,HUM,CI,DHR,TMO,DXCM,LLY
0.029999999999999995,0.030938962640604518,0.13,0.03,0.03,0.12614105981595716,0.13,0.03,0.03,0.029999999999999995,0.03,0.029999999999999995,0.03,0.029999999999999995,0.03,0.03,0.032919977543438846,0.03,0.029999999999999995,0.13