PLD,AMT,CCI,EQIX,O,SPG,AVB,EQR,PSA,WELL,DLR,EXR,MAA,REG,ESS,SBAC,ARE,UDR,VICI,CPT
0.03,0.029999999999999995,0.030000000000000002,0.13,0.03,0.03149405051964736,0.03,0.03,0.12850594948035227,0.03,0.03,0.13,0.03,0.03,0.03,0.03,0.03,0.029999999999999992,0.13,0.029999999999999992