LIN,SHW,APD,ECL,DOW,PPG,MLM,VMC,NUE,FCX,AVY,BALL,PKG,CF,MOS,NEM,STLD,ALB,DD,CTVA
0.13,0.07591385132679405,0.029999999999999995,0.03,0.03,0.029999999999999995,0.03,0.029999999999999995,0.030000000000000002,0.12203783719705436,0.03,0.029999999999999992,0.029999999999999995,0.09204831147615146,0.029999999999999995,0.029999999999999992,0.13,0.030000000000000002,0.029999999999999992,0.03