PG,KO,PEP,CL,MDLZ,STZ,SJM,K,HSY,CLX,CHD,CAG,GIS,KHC,BF.B,HRL,COST,KR,MO,WMT
0.03,0.03,0.03,0.13000000000000003,0.03,0.029999999999999992,0.04502628892279147,0.05610742790637281,0.029999999999999995,0.029999999999999995,0.03855180690344633,0.029999999999999995,0.0479327239145876,0.03,0.03,0.12999999999999998,0.058044833677165494,0.06500613865682807,0.044607765381005055,0.08472301463780281