HON,UNP,UPS,CAT,DE,RTX,LMT,WM,CSX,GE,ETN,ITW,PH,FDX,CARR,ROK,GWW,ODFL,JCI,TT
0.029999999999999995,0.029999999999999995,0.08353100572787324,0.029999999999999992,0.03,0.0748235803676528,0.13,0.13,0.08781121225083904,0.029999999999999995,0.029999999999999995,0.0732513069041864,0.03,0.03,0.03,0.0305828947494483,0.03,0.03,0.03,0.029999999999999995