DVN,FANG,CTRA,XOM,CVX,COP,SLB,HAL,BKR,WMB,MPC,VLO,OKE,OXY,PSX,HES,EOG,KMI,APA,TRGP
0.03,0.03144244534852652,0.03,0.03,0.03,0.03,0.03,0.03,0.03,0.13,0.13,0.03,0.12855755465147306,0.03,0.03,0.03,0.03,0.03,0.03,0.13