NEE,SO,DUK,D,AEP,EXC,XEL,WEC,ES,ETR,PEG,ATO,SRE,NI,AWK,CNP,AEE,FE,DTE,LNT
0.03226876511038225,0.029999999999999995,0.029999999999999995,0.13,0.030000000000000002,0.030000000000000002,0.050878985807693455,0.03,0.029999999999999992,0.030000000000000002,0.029999999999999995,0.13,0.029999999999999992,0.029999999999999995,0.03,0.03,0.12999999999999998,0.1068522490819245,0.03,0.030000000000000002