JPM,BAC,WFC,PNC,TFC,PGR,MET,CB,GS,MS,SCHW,BLK,ICE,AXP,COF,FIS,SPGI,MCO,BK,CBOE
0.029999999999999995,0.03,0.03,0.029999999999999995,0.029999999999999995,0.13,0.029999999999999995,0.038300529524354476,0.03,0.03,0.03,0.03,0.13,0.03,0.03,0.03,0.12169947047564574,0.03,0.03,0.13