AMZN,TSLA,HD,NKE,MCD,LOW,BKNG,SBUX,TJX,ORLY,AZO,DHI,LEN,ROST,F,GM,ULTA,CCL,NVR,DPZ
0.13,0.12980482767057205,0.030000000000000002,0.029999999999999995,0.03,0.03,0.03,0.030000000000000002,0.03,0.13,0.12999999999999998,0.03,0.03,0.03,0.029999999999999995,0.030000000000000002,0.03,0.03,0.03,0.030195172329428227