NEE,SO,DUK,D,AEP,EXC,XEL,WEC,ES,ETR,PEG,ATO,SRE,NI,AWK,CNP,AEE,FE,DTE,LNT
0.029999999999999995,0.13,0.03,0.030000000000000002,0.03,0.12999999999999456,0.029999999999999995,0.029999999999999995,0.029999999999999995,0.029999999999999995,0.12999999999999998,0.029999999999999995,0.030000000000000002,0.03000000000000582,0.029999999999999995,0.13000000000000003,0.03,0.029999999999999995,0.03,0.03