PG,KO,PEP,CL,MDLZ,STZ,SJM,K,HSY,CLX,CHD,CAG,GIS,KHC,BF.B,HRL,COST,KR,MO,WMT
0.03,0.03,0.03,0.03,0.03,0.029999999999999995,0.03,0.03323031289977973,0.03,0.029999999999999995,0.05823753602010559,0.03,0.03,0.029999999999999995,0.03,0.029999999999999995,0.13,0.13,0.09853215108011412,0.13