NEE,SO,DUK,D,AEP,EXC,XEL,WEC,ES,ETR,PEG,ATO,SRE,NI,AWK,CNP,AEE,FE,DTE,LNT
0.032268765110382285,0.029999999999999995,0.029999999999999995,0.13,0.030000000000000002,0.030000000000000002,0.05087898580769347,0.03,0.029999999999999992,0.030000000000000002,0.029999999999999995,0.13,0.029999999999999992,0.029999999999999995,0.03,0.03,0.12999999999999998,0.10685224908192444,0.03,0.030000000000000002