AMZN,TSLA,HD,NKE,MCD,LOW,BKNG,SBUX,TJX,ORLY,AZO,DHI,LEN,ROST,F,GM,ULTA,CCL,NVR,DPZ
0.03,0.1294804718705758,0.03,0.03,0.03,0.03,0.07500136965905141,0.03,0.03,0.13,0.13,0.0855181584703733,0.03,0.029999999999999995,0.03,0.03,0.030000000000000002,0.03,0.029999999999999992,0.029999999999999995