NEE,SO,DUK,D,AEP,EXC,XEL,WEC,ES,ETR,PEG,ATO,SRE,NI,AWK,CNP,AEE,FE,DTE,LNT
0.03,0.13,0.0478599425667005,0.029999999999999995,0.030000000000000002,0.030000000000000002,0.03,0.03,0.029999999999999992,0.030000000000000002,0.12999999999999998,0.11214005743329977,0.029999999999999992,0.12999999999999998,0.03,0.03,0.03,0.03,0.03,0.030000000000000002