NEE,SO,DUK,D,AEP,EXC,XEL,WEC,ES,ETR,PEG,ATO,SRE,NI,AWK,CNP,AEE,FE,DTE,LNT
0.03,0.03,0.05805116916910808,0.12999999999999998,0.030000000000000002,0.03,0.03,0.03,0.029999999999999992,0.03,0.03,0.13,0.03,0.03,0.029999999999999995,0.029999999999999995,0.13,0.10194883083089226,0.03,0.030000000000000002