PLD,AMT,CCI,EQIX,O,SPG,AVB,EQR,PSA,WELL,DLR,EXR,MAA,REG,ESS,SBAC,ARE,UDR,VICI,CPT
0.029999999999999995,0.029999999999999995,0.04839790017752724,0.13,0.13,0.029999999999999995,0.0386350848154964,0.03,0.034153324849105264,0.030000000000000002,0.05865032991620584,0.029999999999999992,0.030000000000000002,0.029999999999999992,0.03,0.03,0.029999999999999992,0.029999999999999995,0.0932800522034023,0.10688330803826347