DVN,FANG,CTRA,XOM,CVX,COP,SLB,HAL,BKR,WMB,MPC,VLO,OKE,OXY,PSX,HES,EOG,KMI,APA,TRGP
0.03,0.03125444230746387,0.1287455576925357,0.03,0.03,0.03,0.03,0.03,0.03,0.13,0.13,0.03,0.03,0.03,0.03,0.03,0.03,0.03,0.03,0.13