PLD,AMT,CCI,EQIX,O,SPG,AVB,EQR,PSA,WELL,DLR,EXR,MAA,REG,ESS,SBAC,ARE,UDR,VICI,CPT
0.03,0.029999999999999995,0.13000000000000006,0.13,0.03,0.03,0.03,0.03,0.13,0.03,0.13,0.03,0.03,0.03,0.03,0.03,0.03,0.029999999999999992,0.029999999999999995,0.029999999999999992