PLD,AMT,CCI,EQIX,O,SPG,AVB,EQR,PSA,WELL,DLR,EXR,MAA,REG,ESS,SBAC,ARE,UDR,VICI,CPT
0.03,0.03,0.1300000000000001,0.13,0.029999999999999995,0.03,0.03,0.03,0.13,0.030000000000000002,0.12999999999999998,0.03,0.03,0.029999999999999995,0.03,0.03,0.029999999999999995,0.03,0.03,0.029999999999999992