LIN,SHW,APD,ECL,DOW,PPG,MLM,VMC,NUE,FCX,AVY,BALL,PKG,CF,MOS,NEM,STLD,ALB,DD,CTVA
0.13,0.11770009006400113,0.10370721147818072,0.03,0.03,0.029999999999999995,0.03,0.029999999999999995,0.030000000000000002,0.029999999999999995,0.03,0.029999999999999992,0.068592698457818,0.03,0.029999999999999995,0.12999999999999998,0.03,0.030000000000000002,0.029999999999999992,0.03