NVDA,AVGO,AMD,LRCX,MSFT,ADBE,NOW,CRM,INTU,AAPL,DELL,ANET,ACN,FTNT,PANW,SNPS,CRWD,KLAC,CDNS,IBM
0.13,0.13,0.029999999999999995,0.030000000000000002,0.03,0.03,0.03,0.030000000000000002,0.03,0.03,0.08349321330286044,0.13,0.03,0.03331095294946961,0.05057855661950398,0.03,0.052617277128165656,0.03,0.03,0.03