NVDA,AVGO,AMD,LRCX,MSFT,ADBE,NOW,CRM,INTU,AAPL,DELL,ANET,ACN,FTNT,PANW,SNPS,CRWD,KLAC,CDNS,IBM
0.029999999999999995,0.03,0.029999999999999995,0.03,0.12999999999999987,0.03,0.03,0.030000000000000002,0.029999999999999995,0.13,0.030000000000000002,0.029999999999999995,0.13,0.029999999999999995,0.03,0.03,0.029999999999999995,0.030000000000000002,0.029999999999999995,0.13