PG,KO,PEP,CL,MDLZ,STZ,SJM,K,HSY,CLX,CHD,CAG,GIS,KHC,BF.B,HRL,COST,KR,MO,WMT
0.03,0.03,0.03,0.13,0.03,0.029999999999999995,0.03,0.07464597703479027,0.03,0.029999999999999995,0.048190720584519765,0.03,0.03604897045705744,0.029999999999999995,0.03,0.13,0.040995138808103765,0.06813734044077942,0.05252681688705726,0.08945503578769178