META,GOOGL,NFLX,DIS,TMUS,CHTR,CMCSA,EA,TTWO,LYV,WBD,PARA,MTCH,VZ,IPG,OMC,FOXA,T,NWSA,NWS
0.12999999999999948,0.13,0.13,0.030000000000000002,0.13,0.029999999999999995,0.029999999999999995,0.029999999999999995,0.03,0.03,0.03,0.03,0.03,0.03,0.03,0.03,0.03,0.03,0.03,0.029999999999999995