JNJ,MRK,ABBV,BMY,AMGN,VRTX,REGN,GILD,BIIB,ISRG,SYK,BSX,ABT,UNH,HUM,CI,DHR,TMO,DXCM,LLY
0.13,0.13,0.09161918373763195,0.10016122790099677,0.029999999999999995,0.04126683239329118,0.03,0.03,0.03,0.029999999999999995,0.029999999999999995,0.07972176200963169,0.03723099395844786,0.03,0.029999999999999992,0.03,0.03,0.03,0.03,0.030000000000000002