META,GOOGL,NFLX,DIS,TMUS,CHTR,CMCSA,EA,TTWO,LYV,WBD,PARA,MTCH,VZ,IPG,OMC,FOXA,T,NWSA,NWS
0.029999999999999995,0.029999999999999995,0.029999999999999995,0.03,0.13,0.029999999999999995,0.029999999999999995,0.13,0.07043235241418266,0.03,0.030000000000000002,0.03,0.03,0.13,0.03,0.029999999999999995,0.03,0.08956764758581753,0.03,0.029999999999999995