JNJ,MRK,ABBV,BMY,AMGN,VRTX,REGN,GILD,BIIB,ISRG,SYK,BSX,ABT,UNH,HUM,CI,DHR,TMO,DXCM,LLY
0.030000000000000002,0.029999999999999995,0.13,0.03,0.029999999999999995,0.03837771603543789,0.03,0.03,0.03,0.09527432249275321,0.029999999999999995,0.13,0.03,0.05634796147180826,0.029999999999999992,0.03,0.03,0.03,0.03,0.13