PG,KO,PEP,CL,MDLZ,STZ,SJM,K,HSY,CLX,CHD,CAG,GIS,KHC,BF.B,HRL,COST,KR,MO,WMT
0.029999999999999995,0.03,0.06392710307627755,0.12964870763309577,0.030000000000000002,0.030000000000000002,0.03,0.07875664585816217,0.029999999999999995,0.03,0.045135704980109125,0.03,0.029999999999999995,0.030000000000000002,0.03,0.06540923626728809,0.06250120365832204,0.04462930855292855,0.09223519432387056,0.08775689564994604