HON,UNP,UPS,CAT,DE,RTX,LMT,WM,CSX,GE,ETN,ITW,PH,FDX,CARR,ROK,GWW,ODFL,JCI,TT
0.029999999999999995,0.029999999999999995,0.029999999999999995,0.029999999999999992,0.032359608692231374,0.03,0.03,0.13,0.030000000000000002,0.12999999999999998,0.029999999999999995,0.03,0.06504648433976346,0.03,0.09259390696800486,0.03,0.13,0.03,0.03,0.029999999999999995