LIN,SHW,APD,ECL,DOW,PPG,MLM,VMC,NUE,FCX,AVY,BALL,PKG,CF,MOS,NEM,STLD,ALB,DD,CTVA
0.09823755911095244,0.07178011142490863,0.13,0.03,0.03,0.03,0.029999999999999995,0.03,0.03,0.030000000000000002,0.030000000000000002,0.029999999999999995,0.13,0.029999999999999995,0.03,0.11998232946413939,0.030000000000000002,0.03,0.029999999999999992,0.030000000000000002