HON,UNP,UPS,CAT,DE,RTX,LMT,WM,CSX,GE,ETN,ITW,PH,FDX,CARR,ROK,GWW,ODFL,JCI,TT
0.03,0.029999999999999995,0.030000000000000002,0.03,0.029999999999999995,0.029999999999999995,0.03,0.03,0.030000000000000002,0.0953803206745372,0.10767537380603731,0.03,0.03,0.03,0.13,0.03,0.06228119851019363,0.0855715355364759,0.030000000000000002,0.09909157147275593