PLD,AMT,CCI,EQIX,O,SPG,AVB,EQR,PSA,WELL,DLR,EXR,MAA,REG,ESS,SBAC,ARE,UDR,VICI,CPT
0.03,0.03,0.03,0.13,0.029999999999999995,0.07994276403820944,0.03,0.03,0.09416106867513861,0.11589616728665152,0.12999999999999998,0.03,0.03,0.029999999999999995,0.03,0.03,0.029999999999999995,0.03,0.03,0.029999999999999992