JPM,BAC,WFC,PNC,TFC,PGR,MET,CB,GS,MS,SCHW,BLK,ICE,AXP,COF,FIS,SPGI,MCO,BK,CBOE
0.03,0.029999999999999995,0.030000000000000002,0.029999999999999992,0.03,0.13,0.03,0.13,0.03,0.0301048039034123,0.03,0.03,0.12989519609658817,0.030000000000000002,0.030000000000000002,0.03,0.03,0.03,0.03,0.13