META,GOOGL,NFLX,DIS,TMUS,CHTR,CMCSA,EA,TTWO,LYV,WBD,PARA,MTCH,VZ,IPG,OMC,FOXA,T,NWSA,NWS
0.029999999999999995,0.03872924812756156,0.03,0.029999999999999992,0.10823260078300152,0.030000000000000002,0.03,0.13,0.04638785367629681,0.03,0.03,0.03,0.030000000000000002,0.13,0.03,0.03,0.03796647573346075,0.11868382167967921,0.029999999999999995,0.029999999999999995