META,GOOGL,NFLX,DIS,TMUS,CHTR,CMCSA,EA,TTWO,LYV,WBD,PARA,MTCH,VZ,IPG,OMC,FOXA,T,NWSA,NWS
0.030000000000000002,0.029999999999999995,0.030000000000000002,0.030000000000000002,0.12889691225393526,0.029999999999999995,0.029999999999999995,0.13,0.06837863194361213,0.03,0.03,0.03,0.03,0.13,0.03,0.03,0.03,0.09272445580245253,0.03,0.029999999999999995