DVN,FANG,CTRA,XOM,CVX,COP,SLB,HAL,BKR,WMB,MPC,VLO,OKE,OXY,PSX,HES,EOG,KMI,APA,TRGP
0.03,0.03,0.13,0.03,0.03,0.03,0.03,0.03,0.03,0.13,0.12977835084074268,0.03,0.03,0.03,0.03,0.03,0.03,0.030221649159256903,0.03,0.13