LIN,SHW,APD,ECL,DOW,PPG,MLM,VMC,NUE,FCX,AVY,BALL,PKG,CF,MOS,NEM,STLD,ALB,DD,CTVA
0.06931789709012173,0.09068210290987869,0.13,0.03,0.03,0.029999999999999992,0.03,0.03,0.03,0.03,0.03,0.029999999999999995,0.13,0.029999999999999995,0.03,0.13,0.030000000000000002,0.030000000000000002,0.029999999999999995,0.03