LLY,MRK,ABBV,BMY,REGN,VRTX,MRNA,GILD,ISRG,BSX,TMO,UNH,ELV,HUM,DHR,IQV,ZTS,JNJ,AMGN,MDT
0.13,0.03,0.13,0.029999999999999995,0.03,0.03,0.10581693021791383,0.06274798119085856,0.12143508859122736,0.029999999999999995,0.03,0.03,0.029999999999999995,0.03,0.029999999999999995,0.03,0.03,0.030000000000000002,0.03,0.030000000000000002