AAPL,MSFT,NVDA,AVGO,CRM,NOW,ADBE,AMD,QCOM,CRWD,PANW,ACN,SNPS,FTNT,ORCL,CSCO,IBM,KLAC,CDNS,INTC
0.04298093296998544,0.08579244238943842,0.029999999999999995,0.030000000000000002,0.029999999999999995,0.029999999999999995,0.029999999999999995,0.03,0.03,0.03,0.030000000000000002,0.06122662464057654,0.03,0.029999999999999995,0.13,0.13,0.12999999999999998,0.03,0.029999999999999995,0.029999999999999995