LIN,APD,SHW,ECL,DD,FCX,NUE,STLD,VMC,MLM,AVY,BALL,CF,MOS,EMN,PKG,IFF,DOW,PPG,ALB
0.13,0.029999999999999995,0.05977551878943241,0.03,0.029999999999999992,0.13,0.030000000000000002,0.13,0.029999999999999995,0.03,0.03,0.029999999999999992,0.1002244812105674,0.029999999999999995,0.030000000000000002,0.029999999999999995,0.029999999999999995,0.03,0.029999999999999995,0.030000000000000002