PG,KO,PEP,MO,PM,CL,KMB,STZ,MDLZ,HSY,GIS,CAG,SJM,K,HRL,LW,MKC,CPB,WBA,TSN
0.07418257455937494,0.03,0.03,0.034060467571147786,0.029999999999999995,0.13,0.03,0.029999999999999995,0.03,0.03,0.11194592042818885,0.03,0.04592410315606778,0.06315012029615162,0.13,0.03,0.03,0.03,0.030000000000000002,0.050736813989068465