PG,KO,PEP,MO,PM,CL,KMB,STZ,MDLZ,HSY,GIS,CAG,SJM,K,HRL,LW,MKC,CPB,WBA,TSN
0.03,0.03,0.03,0.13,0.12999999999999998,0.08525803083851169,0.03,0.029999999999999992,0.03,0.029999999999999995,0.1289938219700258,0.029999999999999995,0.029999999999999995,0.07574814719146196,0.03,0.03,0.03,0.03,0.03,0.029999999999999995