XOM,CVX,FANG,EOG,CTRA,SLB,HAL,BKR,KMI,MPC,VLO,PSX,COP,OXY,DVN,WMB,HES,EQT,APA,TRGP
0.03,0.03,0.03,0.03,0.03180991288422335,0.03,0.03,0.03,0.03,0.12819008711577623,0.03,0.03,0.03,0.03,0.03,0.13,0.03,0.13,0.03,0.13