XOM,CVX,FANG,EOG,CTRA,SLB,HAL,BKR,KMI,MPC,VLO,PSX,COP,OXY,DVN,WMB,HES,EQT,APA,TRGP
0.03,0.10060486701793372,0.03,0.03,0.13,0.03,0.03,0.03,0.13,0.03,0.03,0.03,0.03,0.03,0.03,0.13,0.03,0.05939513298206586,0.03,0.03