META,GOOGL,NFLX,DIS,TMUS,CMCSA,CHTR,EA,TTWO,FOX,WBD,OMC,IPG,LYV,NWSA,VZ,MTCH,T,PARA,FOXA
0.13,0.11619047950806721,0.03,0.029999999999999992,0.13,0.03,0.030000000000000002,0.03,0.03,0.029999999999999995,0.03,0.03,0.03,0.07347865282864773,0.03797867009830376,0.03,0.030000000000000002,0.032198242922705025,0.03,0.09015395464227613