PLD,AMT,EQIX,SPG,AVB,CCI,EXR,SBAC,DLR,INVH,O,VTR,ARE,PSA,IRM,ESS,MAA,EQR,BXP,WELL
0.029999999999999995,0.029999999999999995,0.13,0.029999999999999995,0.11222873521844882,0.06275202579128487,0.029999999999999992,0.03,0.04520672565483702,0.05675444284026518,0.13,0.029999999999999995,0.029999999999999992,0.06573012446255734,0.029999999999999995,0.03,0.03732794603260728,0.03,0.030000000000000002,0.030000000000000002