PG,KO,PEP,MO,PM,CL,KMB,STZ,MDLZ,HSY,GIS,CAG,SJM,K,HRL,LW,MKC,CPB,WBA,TSN
0.12379474270012901,0.03,0.03,0.12999999999999998,0.13,0.03,0.03,0.029999999999999995,0.03,0.03,0.06853820626045531,0.03,0.03,0.09766705103941511,0.029999999999999995,0.03,0.03,0.03,0.030000000000000002,0.029999999999999992