NEE,DUK,SO,D,EXC,AEP,PEG,ED,XEL,WEC,ES,FE,ETR,AWK,CNP,SRE,DTE,PPL,ATO,EIX
0.029999999999999995,0.03,0.13,0.030000000000000002,0.1299999999999997,0.03,0.12999999999999998,0.030000000000000002,0.029999999999999995,0.029999999999999995,0.029999999999999995,0.029999999999999995,0.029999999999999995,0.029999999999999995,0.13000000000000003,0.030000000000000002,0.03,0.03,0.029999999999999995,0.03