NEE,DUK,SO,D,EXC,AEP,PEG,ED,XEL,WEC,ES,FE,ETR,AWK,CNP,SRE,DTE,PPL,ATO,EIX
0.03,0.12950152642535726,0.13,0.029999999999999995,0.030000000000000002,0.030000000000000002,0.12999999999999998,0.030000000000000002,0.03,0.03,0.029999999999999992,0.03,0.030000000000000002,0.03,0.030498473574642266,0.029999999999999992,0.03,0.030000000000000002,0.13,0.03