NEE,DUK,SO,D,EXC,AEP,PEG,ED,XEL,WEC,ES,FE,ETR,AWK,CNP,SRE,DTE,PPL,ATO,EIX
0.04445570464490036,0.0414948589206994,0.03,0.12999999999999998,0.03,0.030000000000000002,0.03,0.13,0.03193397180415259,0.03,0.029999999999999992,0.10211546463024802,0.03,0.029999999999999995,0.029999999999999995,0.03,0.03,0.03,0.13,0.03