JPM,BAC,WFC,C,USB,PNC,TFC,GS,MS,SCHW,CB,AIG,MET,BLK,V,MA,SPGI,MCO,BRK.B,PYPL
0.03,0.029999999999999995,0.030000000000000002,0.03,0.030000000000000002,0.029999999999999992,0.03,0.03,0.03,0.03,0.11921799097616508,0.029999999999999995,0.03,0.03,0.13,0.040782009023835115,0.13,0.03,0.13,0.03