LLY,MRK,ABBV,BMY,REGN,VRTX,MRNA,GILD,ISRG,BSX,TMO,UNH,ELV,HUM,DHR,IQV,ZTS,JNJ,AMGN,MDT
0.03,0.13,0.06353751778179068,0.03843977420464028,0.030000000000000002,0.07293939547957588,0.030000000000000002,0.13,0.029999999999999995,0.029999999999999995,0.03573132915148554,0.029999999999999995,0.03,0.03,0.03,0.029999999999999995,0.03,0.13,0.03,0.03935198338250802