LLY,MRK,ABBV,BMY,REGN,VRTX,MRNA,GILD,ISRG,BSX,TMO,UNH,ELV,HUM,DHR,IQV,ZTS,JNJ,AMGN,MDT
0.13,0.030000000000000002,0.13,0.03,0.11775508793345882,0.07698784511356115,0.09525706695298056,0.03,0.029999999999999995,0.029999999999999995,0.03,0.029999999999999995,0.03,0.03,0.03,0.029999999999999995,0.03,0.029999999999999995,0.03,0.029999999999999995