META,GOOGL,NFLX,DIS,TMUS,CMCSA,CHTR,EA,TTWO,FOX,WBD,OMC,IPG,LYV,NWSA,VZ,MTCH,T,PARA,FOXA
0.029999999999999995,0.04443059148177984,0.03,0.029999999999999992,0.11195190553956064,0.03,0.030000000000000002,0.13,0.04802681317863362,0.029999999999999995,0.03,0.03,0.03,0.03,0.029999999999999995,0.13,0.030000000000000002,0.11559068980002579,0.03,0.03