LLY,MRK,ABBV,BMY,REGN,VRTX,MRNA,GILD,ISRG,BSX,TMO,UNH,ELV,HUM,DHR,IQV,ZTS,JNJ,AMGN,MDT
0.13,0.029999999999999995,0.13,0.03,0.03,0.03145113858027276,0.03,0.03,0.10519092474768224,0.13,0.03,0.05335793667204437,0.03,0.029999999999999992,0.03,0.029999999999999995,0.029999999999999995,0.030000000000000002,0.029999999999999995,0.03