AAPL,MSFT,NVDA,AVGO,CRM,NOW,ADBE,AMD,QCOM,CRWD,PANW,ACN,SNPS,FTNT,ORCL,CSCO,IBM,KLAC,CDNS,INTC
0.03,0.03,0.13,0.13,0.030000000000000002,0.03,0.03,0.029999999999999995,0.029999999999999995,0.09026826995145396,0.05240825964559414,0.03,0.03,0.03,0.12999999999999998,0.03,0.04732347040295179,0.03,0.03,0.03