AMZN,TSLA,HD,NKE,MCD,LOW,SBUX,BKNG,ORLY,DHI,ULTA,LEN,ROST,F,GM,EBAY,MAR,CMG,AZO,DPZ
0.030000000000000002,0.13,0.03,0.029999999999999992,0.030000000000000002,0.03,0.03,0.029999999999999995,0.12999999999999998,0.06165439133705307,0.03,0.030000000000000002,0.03,0.03,0.03,0.029999999999999992,0.030000000000000002,0.13,0.09834560866294731,0.029999999999999995