PG,KO,PEP,MO,PM,CL,KMB,STZ,MDLZ,HSY,GIS,CAG,SJM,K,HRL,LW,MKC,CPB,WBA,TSN
0.08591908448979013,0.03,0.09428512545528005,0.07035669223922852,0.05351545975609822,0.13,0.03,0.030000000000000002,0.030000000000000002,0.029999999999999995,0.029999999999999995,0.03,0.03,0.10004400009417819,0.07587963796542484,0.03,0.03,0.03,0.030000000000000002,0.03