XOM,CVX,FANG,EOG,CTRA,SLB,HAL,BKR,KMI,MPC,VLO,PSX,COP,OXY,DVN,WMB,HES,EQT,APA,TRGP
0.043460882831370354,0.08587677171940229,0.029999999999999995,0.03,0.13,0.030000000000000002,0.02999999999999999,0.029999999999999995,0.13,0.03,0.029999999999999995,0.030000000000000002,0.029999999999999992,0.03,0.030000000000000002,0.12999999999999998,0.03,0.06066234544922744,0.03,0.03