LLY,MRK,ABBV,BMY,REGN,VRTX,MRNA,GILD,ISRG,BSX,TMO,UNH,ELV,HUM,DHR,IQV,ZTS,JNJ,AMGN,MDT
0.03,0.13,0.03,0.08715337358916893,0.03,0.04857219557654284,0.029999999999999995,0.13,0.03,0.029999999999999995,0.03,0.03,0.029999999999999995,0.03,0.029999999999999995,0.03,0.03,0.13,0.03,0.05427443083428805