JPM,BAC,WFC,C,USB,PNC,TFC,GS,MS,SCHW,CB,AIG,MET,BLK,V,MA,SPGI,MCO,BRK.B,PYPL
0.03,0.029999999999999995,0.030000000000000002,0.03,0.030000000000000002,0.029999999999999992,0.03,0.09225223409351452,0.05314695351321113,0.03,0.13,0.12999999999999998,0.03,0.03,0.04460081239327449,0.029999999999999995,0.03,0.03,0.13,0.03