AAPL,MSFT,NVDA,AVGO,CRM,NOW,ADBE,AMD,QCOM,CRWD,PANW,ACN,SNPS,FTNT,ORCL,CSCO,IBM,KLAC,CDNS,INTC
0.05563702448482069,0.07977623450174148,0.029999999999999995,0.029999999999999995,0.030000000000000002,0.03,0.03,0.029999999999999995,0.029999999999999995,0.03,0.03,0.05458674101343768,0.03,0.03,0.12999999999999998,0.12999999999999998,0.13,0.03,0.03,0.03