XOM,CVX,FANG,EOG,CTRA,SLB,HAL,BKR,KMI,MPC,VLO,PSX,COP,OXY,DVN,WMB,HES,EQT,APA,TRGP
0.12291297053625126,0.13,0.03,0.03,0.037087029463748325,0.03,0.03,0.03,0.13,0.03,0.03,0.03,0.03,0.03,0.03,0.13,0.03,0.03,0.03,0.03