PG,KO,PEP,MO,PM,CL,KMB,STZ,MDLZ,HSY,GIS,CAG,SJM,K,HRL,LW,MKC,CPB,WBA,TSN
0.08020568334955658,0.03,0.03,0.03,0.029999999999999995,0.13000000000000003,0.03,0.029999999999999992,0.03,0.029999999999999995,0.10739430275666205,0.029999999999999995,0.08851124747697038,0.03448432495202528,0.12999999999999998,0.03,0.03,0.03,0.03,0.03940444146478528