AAPL,MSFT,NVDA,AVGO,CRM,NOW,ADBE,AMD,QCOM,CRWD,PANW,ACN,SNPS,FTNT,ORCL,CSCO,IBM,KLAC,CDNS,INTC
0.032305311156822586,0.030000000000000002,0.13,0.13,0.030000000000000002,0.03,0.03,0.029999999999999995,0.03,0.029999999999999995,0.12769468884317778,0.03,0.03,0.029999999999999995,0.029999999999999995,0.03,0.13,0.030000000000000002,0.029999999999999995,0.030000000000000002