HON,GE,CAT,DE,BA,LMT,RTX,MMM,EMR,ITW,ETN,WM,CSX,UNP,FDX,UPS,PH,AME,GWW,TT
0.03,0.05224472905126588,0.10775527094873392,0.03,0.029999999999999995,0.030000000000000002,0.029999999999999995,0.03,0.03,0.03,0.13,0.029999999999999995,0.03,0.029999999999999995,0.03,0.03,0.03,0.03,0.13,0.12999999999999998