AAPL,MSFT,NVDA,AVGO,CRM,NOW,ADBE,AMD,QCOM,CRWD,PANW,ACN,SNPS,FTNT,ORCL,CSCO,IBM,KLAC,CDNS,INTC
0.07393405043311695,0.029999999999999995,0.13,0.13,0.029999999999999995,0.029999999999999995,0.029999999999999995,0.03,0.03,0.03,0.04934554136812974,0.029999999999999992,0.03,0.07147415217673911,0.1252462560220146,0.030000000000000002,0.03,0.03,0.029999999999999995,0.029999999999999995