PG,KO,PEP,MO,PM,CL,KMB,STZ,MDLZ,HSY,GIS,CAG,SJM,K,HRL,LW,MKC,CPB,WBA,TSN
0.13,0.03,0.030000000000000002,0.13,0.12999999999999998,0.03102754320723391,0.03,0.030000000000000002,0.030000000000000002,0.029999999999999995,0.029999999999999995,0.03,0.03,0.12897245679276606,0.03,0.03,0.03,0.03,0.030000000000000002,0.03