LIN,APD,SHW,ECL,DD,FCX,NUE,STLD,VMC,MLM,AVY,BALL,CF,MOS,EMN,PKG,IFF,DOW,PPG,ALB
0.13,0.029999999999999995,0.06445912510542903,0.03,0.029999999999999995,0.12986263545458196,0.03,0.13,0.03,0.03,0.03,0.029999999999999995,0.029999999999999995,0.03,0.03,0.09567823943998961,0.029999999999999995,0.03,0.029999999999999992,0.030000000000000002