AAPL,MSFT,NVDA,AVGO,CRM,NOW,ADBE,AMD,QCOM,CRWD,PANW,ACN,SNPS,FTNT,ORCL,CSCO,IBM,KLAC,CDNS,INTC
0.095446956132382,0.04262473364069953,0.029999999999999995,0.03,0.030000000000000002,0.03,0.03,0.029999999999999995,0.03,0.029999999999999995,0.03,0.09938493879155663,0.03,0.029999999999999995,0.08254337143536218,0.12999999999999998,0.13,0.030000000000000002,0.029999999999999995,0.030000000000000002