PLD,AMT,EQIX,SPG,AVB,CCI,EXR,SBAC,DLR,INVH,O,VTR,ARE,PSA,IRM,ESS,MAA,EQR,BXP,WELL
0.029999999999999995,0.029999999999999995,0.03,0.13,0.03,0.03,0.029999999999999992,0.03,0.029999999999999995,0.029999999999999995,0.03,0.12999999999999953,0.029999999999999992,0.03,0.13,0.03,0.030000000000000002,0.03,0.030000000000000002,0.13