LLY,MRK,ABBV,BMY,REGN,VRTX,MRNA,GILD,ISRG,BSX,TMO,UNH,ELV,HUM,DHR,IQV,ZTS,JNJ,AMGN,MDT
0.030000000000000002,0.13,0.07165088630443033,0.09140533435983561,0.03,0.03165452342942848,0.03,0.03,0.029999999999999995,0.05318691888358228,0.03,0.03,0.03,0.029999999999999992,0.03,0.029999999999999995,0.029999999999999995,0.13,0.029999999999999995,0.10210233702272269