META,GOOGL,NFLX,DIS,TMUS,CMCSA,CHTR,EA,TTWO,FOX,WBD,OMC,IPG,LYV,NWSA,VZ,MTCH,T,PARA,FOXA
0.029999999999999995,0.029999999999999995,0.029999999999999995,0.03,0.13,0.029999999999999995,0.029999999999999995,0.13,0.07354054986378977,0.03,0.030000000000000002,0.029999999999999995,0.03,0.03,0.03,0.13,0.03,0.08645945013621044,0.03,0.03