XOM,CVX,FANG,EOG,CTRA,SLB,HAL,BKR,KMI,MPC,VLO,PSX,COP,OXY,DVN,WMB,HES,EQT,APA,TRGP
0.03,0.03,0.03,0.03,0.03,0.03,0.03,0.03,0.03005159251742248,0.13,0.03,0.03,0.03,0.03,0.03,0.13,0.03,0.1299484074825771,0.03,0.13