JPM,BAC,WFC,C,USB,PNC,TFC,GS,MS,SCHW,CB,AIG,MET,BLK,V,MA,SPGI,MCO,BRK.B,PYPL
0.03,0.029999999999999992,0.03,0.03,0.030000000000000002,0.029999999999999995,0.029999999999999995,0.08379017274480605,0.12999999999999998,0.029999999999999995,0.029999999999999995,0.03,0.030000000000000002,0.043453168513554255,0.03,0.03,0.0627566587416399,0.13,0.13,0.03