NEE,DUK,SO,D,EXC,AEP,PEG,ED,XEL,WEC,ES,FE,ETR,AWK,CNP,SRE,DTE,PPL,ATO,EIX
0.03991577126756452,0.029999999999999995,0.029999999999999995,0.13,0.030000000000000002,0.030000000000000002,0.029999999999999995,0.13,0.048493102699036436,0.03,0.029999999999999992,0.10159112603339854,0.030000000000000002,0.03,0.03,0.029999999999999992,0.03,0.030000000000000002,0.13,0.03