LIN,APD,SHW,ECL,DD,FCX,NUE,STLD,VMC,MLM,AVY,BALL,CF,MOS,EMN,PKG,IFF,DOW,PPG,ALB
0.13,0.13,0.12699622474149128,0.03,0.029999999999999992,0.030000000000000002,0.03,0.030000000000000002,0.03,0.029999999999999995,0.030000000000000002,0.03300377525850915,0.029999999999999995,0.03,0.03,0.13,0.029999999999999995,0.03,0.03,0.03