PLD,AMT,EQIX,SPG,AVB,CCI,EXR,SBAC,DLR,INVH,O,VTR,ARE,PSA,IRM,ESS,MAA,EQR,BXP,WELL
0.03,0.029999999999999995,0.13,0.03,0.03,0.030000000000000002,0.1292685729478967,0.03,0.030731427052102935,0.029999999999999995,0.03,0.03,0.03,0.13,0.13,0.03,0.03,0.03,0.029999999999999995,0.03