LIN,APD,SHW,ECL,DD,FCX,NUE,STLD,VMC,MLM,AVY,BALL,CF,MOS,EMN,PKG,IFF,DOW,PPG,ALB
0.13,0.12999999999999998,0.13,0.03,0.029999999999999992,0.029999999999999995,0.030000000000000002,0.03,0.029999999999999995,0.03,0.036181121072991464,0.0571514098816844,0.04406110068701226,0.029999999999999995,0.030000000000000002,0.08260636835831174,0.029999999999999995,0.03,0.029999999999999995,0.030000000000000002