NEE,DUK,SO,D,EXC,AEP,PEG,ED,XEL,WEC,ES,FE,ETR,AWK,CNP,SRE,DTE,PPL,ATO,EIX
0.029999999999999995,0.13,0.12430781315170027,0.030000000000000002,0.03,0.03,0.03028195721578954,0.0855969382076146,0.029999999999999995,0.029999999999999995,0.029999999999999995,0.038836413218450716,0.029999999999999995,0.029999999999999995,0.03,0.030000000000000002,0.07097687820644523,0.03,0.12999999999999998,0.03