AMZN,TSLA,HD,NKE,MCD,LOW,SBUX,BKNG,ORLY,DHI,ULTA,LEN,ROST,F,GM,EBAY,MAR,CMG,AZO,DPZ
0.03,0.10667720282420062,0.03,0.03,0.03,0.03,0.03,0.04947360010696901,0.13,0.0605879081638797,0.030000000000000002,0.03,0.029999999999999995,0.03,0.03,0.029999999999999995,0.029999999999999992,0.10326128890495129,0.13,0.029999999999999995