HON,GE,CAT,DE,BA,LMT,RTX,MMM,EMR,ITW,ETN,WM,CSX,UNP,FDX,UPS,PH,AME,GWW,TT
0.029999999999999995,0.029999999999999995,0.029999999999999992,0.03,0.03,0.13,0.03,0.06710140241840196,0.029999999999999995,0.06359804529120525,0.029999999999999995,0.13,0.09982075885426608,0.029999999999999995,0.03,0.08947979343612637,0.03,0.029999999999999995,0.03,0.029999999999999995