META,GOOGL,NFLX,DIS,TMUS,CMCSA,CHTR,EA,TTWO,FOX,WBD,OMC,IPG,LYV,NWSA,VZ,MTCH,T,PARA,FOXA
0.12999999999999956,0.13,0.13,0.030000000000000002,0.13,0.029999999999999995,0.029999999999999995,0.029999999999999995,0.03,0.029999999999999995,0.03,0.03,0.03,0.03,0.03,0.03,0.03,0.03,0.03,0.03