LIN,APD,SHW,ECL,DD,FCX,NUE,STLD,VMC,MLM,AVY,BALL,CF,MOS,EMN,PKG,IFF,DOW,PPG,ALB
0.1048235338147168,0.029999999999999995,0.03,0.03,0.029999999999999992,0.12076714983208865,0.03,0.13,0.03,0.029999999999999995,0.030000000000000002,0.029999999999999995,0.06440931635319493,0.03,0.03,0.13,0.029999999999999995,0.03,0.03,0.03