PG,KO,PEP,MO,PM,CL,KMB,STZ,MDLZ,HSY,GIS,CAG,SJM,K,HRL,LW,MKC,CPB,WBA,TSN
0.07418257455937487,0.03,0.03,0.03406046757114782,0.029999999999999995,0.13,0.03,0.029999999999999995,0.03,0.03,0.11194592042818884,0.03,0.04592410315606793,0.06315012029615169,0.13,0.03,0.03,0.03,0.030000000000000002,0.05073681398906839