AMZN,TSLA,HD,NKE,MCD,LOW,SBUX,BKNG,ORLY,DHI,ULTA,LEN,ROST,F,GM,EBAY,MAR,CMG,AZO,DPZ
0.04962466283099604,0.03,0.03,0.03,0.13,0.03,0.04631506129439817,0.029999999999999995,0.13,0.029999999999999995,0.030000000000000002,0.03,0.029999999999999995,0.03,0.03,0.029999999999999995,0.029999999999999992,0.029999999999999995,0.1258831782270567,0.09817709764754963