JPM,BAC,WFC,C,USB,PNC,TFC,GS,MS,SCHW,CB,AIG,MET,BLK,V,MA,SPGI,MCO,BRK.B,PYPL
0.029999999999999995,0.03,0.03,0.030000000000000002,0.03,0.029999999999999995,0.029999999999999995,0.13,0.13,0.03,0.045159808358109635,0.029999999999999995,0.029999999999999995,0.11484019164189016,0.03,0.03,0.03,0.03,0.13,0.030000000000000002