UNH,JNJ,MRK,ABBV,TMO,ABT,DHR,SYK,GILD,CI,BDX,LLY,ISRG,VRTX,REGN,EW,IDXX,DXCM,MRNA,ZTS
0.04602948813334344,0.13,0.13,0.10453804154989055,0.03,0.03,0.03,0.029999999999999995,0.03548367573380429,0.03,0.1282135057626497,0.030000000000000002,0.029999999999999995,0.035735288820311496,0.03,0.030000000000000002,0.03,0.03,0.03,0.029999999999999995