LMT,RTX,GD,CAT,DE,CMI,PH,ITW,ETN,EMR,ROK,HON,UNP,CSX,UPS,WM,RSG,CARR,JCI,OTIS
0.12616352588292712,0.029999999999999995,0.03,0.03,0.029999999999999995,0.029999999999999995,0.03,0.029999999999999995,0.029999999999999995,0.029999999999999992,0.029999999999999992,0.03,0.03,0.03,0.07157859359784374,0.13,0.09225788051922887,0.030000000000000002,0.03,0.13