NEE,CEG,SRE,AEP,XEL,DUK,SO,WEC,PEG,LNT,ETR,D,PPL,NI,FE,AWK,ES,CNP,CMS,ATO
0.03,0.13,0.029999999999999995,0.03,0.030000000000000002,0.036268307929903494,0.13,0.029999999999999995,0.03,0.03,0.029999999999999995,0.030000000000000002,0.03,0.12373169207009585,0.029999999999999995,0.029999999999999995,0.029999999999999995,0.13000000000000003,0.03,0.029999999999999995