NEE,CEG,SRE,AEP,XEL,DUK,SO,WEC,PEG,LNT,ETR,D,PPL,NI,FE,AWK,ES,CNP,CMS,ATO
0.03,0.05714857658972954,0.029999999999999995,0.03,0.0626200720779274,0.13,0.13,0.043672308164414204,0.03,0.03,0.029999999999999995,0.033235588280715996,0.03,0.029999999999999995,0.053323454887212386,0.029999999999999995,0.029999999999999995,0.03,0.03,0.13