JPM,BAC,USB,MS,GS,BRK.B,CB,PGR,AFL,V,MA,AXP,SPGI,MCO,CME,ICE,KKR,SCHW,TFC,BLK
0.03,0.029999999999999995,0.030000000000000002,0.03,0.03,0.07720410281295212,0.03,0.13,0.03,0.07013833587450492,0.029999999999999995,0.030000000000000002,0.042657561312543134,0.03,0.13,0.13,0.03,0.03,0.03,0.03