GOOGL,GOOG,META,NFLX,TMUS,DIS,LYV,EA,TTWO,CMCSA,CHTR,MTCH,WBD,OMC,IPG,FOXA,VZ,NWSA,PARA,T
0.03,0.030000000000000002,0.029999999999999995,0.03,0.10912103874248848,0.029999999999999992,0.03,0.13,0.04482280588501876,0.03,0.030000000000000002,0.030000000000000002,0.03,0.03,0.03,0.046629371541471155,0.13,0.029999999999999995,0.03,0.11942678383102152