LMT,RTX,GD,CAT,DE,CMI,PH,ITW,ETN,EMR,ROK,HON,UNP,CSX,UPS,WM,RSG,CARR,JCI,OTIS
0.03,0.03,0.029999999999999995,0.029999999999999992,0.031822923487787515,0.030000000000000002,0.13,0.03,0.03220903834842285,0.029999999999999995,0.03,0.029999999999999995,0.029999999999999995,0.030000000000000002,0.029999999999999995,0.13,0.13,0.1259680381637902,0.03,0.03