LMT,RTX,GD,CAT,DE,CMI,PH,ITW,ETN,EMR,ROK,HON,UNP,CSX,UPS,WM,RSG,CARR,JCI,OTIS
0.13,0.03,0.06005770980217228,0.029999999999999992,0.03,0.030000000000000002,0.03,0.03,0.029999999999999995,0.029999999999999995,0.03,0.029999999999999995,0.029999999999999995,0.030000000000000002,0.03728314390387105,0.13,0.13,0.03,0.03,0.09265914629395727