AMZN,HD,MCD,NKE,SBUX,BKNG,TJX,ORLY,TSLA,CMG,LOW,YUM,HLT,MAR,ROST,GM,F,DHI,LEN,LULU
0.03,0.03,0.03,0.03,0.03,0.029999999999999995,0.03,0.13,0.12074323635698296,0.1091902298647175,0.03,0.03,0.09857417216291833,0.029999999999999992,0.029999999999999995,0.03,0.03,0.09149236161538178,0.03,0.03