JPM,BAC,USB,MS,GS,BRK.B,CB,PGR,AFL,V,MA,AXP,SPGI,MCO,CME,ICE,KKR,SCHW,TFC,BLK
0.029999999999999995,0.03,0.03,0.12925160907165667,0.03,0.13,0.03,0.13,0.029999999999999995,0.03,0.03,0.03,0.03,0.03,0.03,0.03074839092834318,0.13,0.03,0.029999999999999995,0.03