PLD,AMT,EQIX,PSA,O,FRT,AVB,VICI,DLR,CCI,INVH,MAA,WELL,EXR,SPG,BXP,VTR,EQR,ARE,IRM
0.029999999999999995,0.029999999999999995,0.13,0.05452067243707555,0.13,0.029999999999999995,0.09430534902144792,0.06933448145984991,0.05082758852252194,0.07406615463035647,0.036945753928748715,0.030000000000000002,0.030000000000000002,0.029999999999999992,0.029999999999999995,0.030000000000000002,0.029999999999999995,0.03,0.029999999999999992,0.029999999999999995