MSFT,AAPL,AVGO,ADBE,ORCL,ACN,INTU,CSCO,LRCX,NVDA,AMD,CRM,NOW,PANW,QCOM,KLAC,AMAT,SNPS,CDNS,ANET
0.1110835875517856,0.04891641244821489,0.030000000000000002,0.029999999999999995,0.13,0.12999999999999998,0.030000000000000002,0.13,0.029999999999999995,0.029999999999999995,0.03,0.029999999999999995,0.029999999999999995,0.030000000000000002,0.03,0.03,0.029999999999999995,0.03,0.029999999999999995,0.03