AMZN,HD,MCD,NKE,SBUX,BKNG,TJX,ORLY,TSLA,CMG,LOW,YUM,HLT,MAR,ROST,GM,F,DHI,LEN,LULU
0.032117641297289445,0.03,0.030000000000000002,0.029999999999999992,0.03,0.029999999999999995,0.029999999999999992,0.12999999999999998,0.13,0.13,0.03,0.029999999999999995,0.03,0.030000000000000002,0.03,0.03,0.03,0.12788235870271095,0.030000000000000002,0.03