JPM,BAC,USB,MS,GS,BRK.B,CB,PGR,AFL,V,MA,AXP,SPGI,MCO,CME,ICE,KKR,SCHW,TFC,BLK
0.03,0.029999999999999992,0.030000000000000002,0.09194348506457647,0.029999999999999995,0.13,0.029999999999999995,0.13,0.03,0.03,0.03,0.03,0.06674981319068897,0.03,0.03,0.031306701744734766,0.13,0.029999999999999995,0.029999999999999995,0.03