NEE,CEG,SRE,AEP,XEL,DUK,SO,WEC,PEG,LNT,ETR,D,PPL,NI,FE,AWK,ES,CNP,CMS,ATO
0.03,0.13,0.030000000000000002,0.029999999999999995,0.03,0.029999999999999995,0.12321815541799504,0.03,0.13,0.030000000000000002,0.03,0.029999999999999995,0.03,0.13,0.029999999999999995,0.03,0.03,0.03,0.03,0.03678184458200449