COST,PG,PEP,MKC,CHD,WMT,KO,MDLZ,CL,HSY,MNST,STZ,EL,PM,MO,GIS,KMB,SYY,CLX,KR
0.03215465474236697,0.03,0.03,0.03,0.06815330999093036,0.12812189363796883,0.03,0.03,0.13000000000000003,0.029999999999999995,0.030000000000000002,0.029999999999999992,0.029999999999999992,0.029999999999999995,0.03,0.13,0.03,0.030000000000000002,0.029999999999999995,0.09157014162873325