COST,PG,PEP,MKC,CHD,WMT,KO,MDLZ,CL,HSY,MNST,STZ,EL,PM,MO,GIS,KMB,SYY,CLX,KR
0.13,0.03,0.03,0.03,0.030000000000000002,0.13,0.03,0.03,0.030000000000000002,0.029999999999999995,0.04855644312017496,0.029999999999999992,0.029999999999999992,0.1038266094514779,0.03,0.03761694742834663,0.03,0.030000000000000002,0.029999999999999995,0.13