JPM,BAC,USB,MS,GS,BRK.B,CB,PGR,AFL,V,MA,AXP,SPGI,MCO,CME,ICE,KKR,SCHW,TFC,BLK
0.03,0.029999999999999992,0.030000000000000002,0.029999999999999995,0.029999999999999995,0.13000000000000014,0.029999999999999995,0.13,0.03,0.03,0.03,0.03,0.030000000000000002,0.03,0.12999999999999998,0.13,0.03,0.029999999999999995,0.029999999999999995,0.03