UNH,JNJ,MRK,ABBV,TMO,ABT,DHR,SYK,GILD,CI,BDX,LLY,ISRG,VRTX,REGN,EW,IDXX,DXCM,MRNA,ZTS
0.04043726463588241,0.029999999999999995,0.030000000000000002,0.13,0.03,0.03,0.03,0.03,0.03,0.03,0.029999999999999995,0.13,0.029999999999999995,0.07993584492425511,0.10851656602610636,0.03,0.030000000000000002,0.029999999999999995,0.09111032441375665,0.03