AMZN,HD,MCD,NKE,SBUX,BKNG,TJX,ORLY,TSLA,CMG,LOW,YUM,HLT,MAR,ROST,GM,F,DHI,LEN,LULU
0.06677634337016965,0.06828745851213315,0.13,0.03,0.03,0.029999999999999995,0.05493619811769777,0.13,0.03,0.029999999999999995,0.03,0.13,0.03,0.029999999999999992,0.029999999999999995,0.03,0.03,0.029999999999999995,0.03,0.03