COST,PG,PEP,MKC,CHD,WMT,KO,MDLZ,CL,HSY,MNST,STZ,EL,PM,MO,GIS,KMB,SYY,CLX,KR
0.13,0.029999999999999995,0.030000000000000002,0.03,0.03,0.09220660878475645,0.03,0.030000000000000002,0.03,0.029999999999999995,0.03,0.030000000000000002,0.030000000000000002,0.12999999999999998,0.06779339121524351,0.029999999999999995,0.03,0.03,0.03,0.13