XOM,CVX,COP,EOG,DVN,FANG,HES,APA,CTRA,OXY,MPC,VLO,PSX,SLB,HAL,BKR,KMI,WMB,OKE,TRGP
0.03,0.03,0.03,0.03,0.03,0.031442445348527914,0.03,0.03,0.03,0.03,0.13,0.03,0.03,0.03,0.03,0.03,0.03,0.13,0.12855755465147167,0.13