COST,PG,PEP,MKC,CHD,WMT,KO,MDLZ,CL,HSY,MNST,STZ,EL,PM,MO,GIS,KMB,SYY,CLX,KR
0.03,0.03,0.03,0.03,0.07504781121692257,0.12001858812195787,0.03,0.03,0.13,0.03,0.03,0.029999999999999995,0.03,0.029999999999999995,0.03304308535826151,0.13,0.03,0.029999999999999995,0.030858956763447142,0.09103155853941038