PLD,AMT,EQIX,PSA,O,FRT,AVB,VICI,DLR,CCI,INVH,MAA,WELL,EXR,SPG,BXP,VTR,EQR,ARE,IRM
0.03,0.03,0.13,0.10371627777810043,0.029999999999999995,0.03,0.03,0.03,0.12999999999999998,0.03,0.029999999999999995,0.03,0.05628372222189917,0.03,0.03,0.029999999999999995,0.029999999999999995,0.03,0.029999999999999995,0.12999999999999998