LIN,APD,SHW,ECL,NUE,ALB,FCX,CTVA,EMN,VMC,MLM,PPG,DOW,LYB,IFF,NEM,IP,BALL,MOS,DD
0.13,0.13,0.09827969350695823,0.03,0.03,0.03,0.030000000000000002,0.030000000000000002,0.03,0.03,0.029999999999999995,0.03,0.03,0.03,0.029999999999999995,0.12290543050989075,0.06881487598315146,0.029999999999999995,0.03,0.029999999999999992