LIN,APD,SHW,ECL,NUE,ALB,FCX,CTVA,EMN,VMC,MLM,PPG,DOW,LYB,IFF,NEM,IP,BALL,MOS,DD
0.13,0.029999999999999995,0.0949027927600531,0.03,0.13,0.030000000000000002,0.13,0.04511081530908411,0.03,0.03,0.03,0.029999999999999992,0.03,0.03,0.029999999999999995,0.04998639193086335,0.030000000000000002,0.029999999999999995,0.03,0.029999999999999995