JPM,BAC,USB,MS,GS,BRK.B,CB,PGR,AFL,V,MA,AXP,SPGI,MCO,CME,ICE,KKR,SCHW,TFC,BLK
0.03,0.029999999999999995,0.030000000000000002,0.03,0.03,0.12921226360637741,0.0316002795145269,0.13,0.13,0.029999999999999995,0.029999999999999995,0.030000000000000002,0.03,0.03,0.03,0.03,0.12918745687909597,0.03,0.03,0.03