PLD,AMT,EQIX,PSA,O,FRT,AVB,VICI,DLR,CCI,INVH,MAA,WELL,EXR,SPG,BXP,VTR,EQR,ARE,IRM
0.03,0.03,0.13,0.13,0.029999999999999995,0.03,0.03,0.03,0.12999999999999998,0.1300000000000001,0.029999999999999995,0.03,0.030000000000000002,0.03,0.03,0.029999999999999995,0.029999999999999995,0.03,0.029999999999999995,0.029999999999999992