GOOGL,GOOG,META,NFLX,TMUS,DIS,LYV,EA,TTWO,CMCSA,CHTR,MTCH,WBD,OMC,IPG,FOXA,VZ,NWSA,PARA,T
0.048333118478718975,0.13,0.13,0.11166688152128111,0.13,0.03,0.03,0.03,0.029999999999999995,0.029999999999999995,0.029999999999999995,0.03,0.030000000000000002,0.029999999999999995,0.03,0.03,0.03,0.03,0.03,0.030000000000000002