COST,PG,PEP,MKC,CHD,WMT,KO,MDLZ,CL,HSY,MNST,STZ,EL,PM,MO,GIS,KMB,SYY,CLX,KR
0.03,0.03,0.03,0.03,0.07504781121692274,0.12001858812195783,0.03,0.03,0.13,0.03,0.03,0.029999999999999995,0.03,0.029999999999999995,0.033043085358261524,0.13,0.03,0.029999999999999995,0.030858956763447003,0.0910315585394104