XOM,CVX,COP,EOG,DVN,FANG,HES,APA,CTRA,OXY,MPC,VLO,PSX,SLB,HAL,BKR,KMI,WMB,OKE,TRGP
0.03,0.03,0.03,0.03,0.03,0.0312544423074644,0.03,0.03,0.12874555769253518,0.03,0.13,0.03,0.03,0.03,0.03,0.03,0.03,0.13,0.03,0.13