LIN,APD,SHW,ECL,NUE,ALB,FCX,CTVA,EMN,VMC,MLM,PPG,DOW,LYB,IFF,NEM,IP,BALL,MOS,DD
0.13,0.029999999999999995,0.041176826167468206,0.03,0.13,0.03,0.13,0.11882317383253221,0.03,0.03,0.029999999999999995,0.03,0.03,0.03,0.029999999999999995,0.03,0.03,0.029999999999999995,0.03,0.029999999999999992