AMZN,HD,MCD,NKE,SBUX,BKNG,TJX,ORLY,TSLA,CMG,LOW,YUM,HLT,MAR,ROST,GM,F,DHI,LEN,LULU
0.1251613067837797,0.030000000000000002,0.03,0.029999999999999995,0.030000000000000002,0.03,0.03,0.13,0.13,0.13,0.03,0.029999999999999992,0.03,0.03,0.03,0.030000000000000002,0.029999999999999995,0.034838693216220594,0.03,0.029999999999999995