GOOGL,GOOG,META,NFLX,TMUS,DIS,LYV,EA,TTWO,CMCSA,CHTR,MTCH,WBD,OMC,IPG,FOXA,VZ,NWSA,PARA,T
0.029999999999999995,0.029999999999999995,0.030000000000000002,0.030000000000000002,0.12919584531808911,0.030000000000000002,0.03,0.13,0.06362091636222345,0.029999999999999995,0.029999999999999995,0.03,0.03,0.03,0.03,0.03,0.13,0.03,0.03,0.09718323831968737