LMT,RTX,GD,CAT,DE,CMI,PH,ITW,ETN,EMR,ROK,HON,UNP,CSX,UPS,WM,RSG,CARR,JCI,OTIS
0.13,0.029999999999999995,0.03,0.03,0.029999999999999995,0.029999999999999995,0.03,0.03,0.029999999999999995,0.029999999999999995,0.03,0.03,0.029999999999999995,0.030000000000000002,0.05407602583172682,0.13,0.10592397416827329,0.030000000000000002,0.030000000000000002,0.13