COST,PG,PEP,MKC,CHD,WMT,KO,MDLZ,CL,HSY,MNST,STZ,EL,PM,MO,GIS,KMB,SYY,CLX,KR
0.04621751674270753,0.029999999999999995,0.069761460291603,0.03,0.055799571436215875,0.08939035480255804,0.03,0.030000000000000002,0.11893709631258258,0.029999999999999995,0.039703723516798864,0.030000000000000002,0.030000000000000002,0.04887327617408793,0.07422543816561537,0.09470089843802865,0.03,0.03,0.03,0.062390664119802056