XOM,CVX,COP,EOG,DVN,FANG,HES,APA,CTRA,OXY,MPC,VLO,PSX,SLB,HAL,BKR,KMI,WMB,OKE,TRGP
0.03353531558997227,0.1264646844100273,0.03,0.03,0.03,0.03,0.03,0.03,0.13,0.03,0.03,0.03,0.03,0.03,0.03,0.03,0.13,0.13,0.03,0.03