NEE,CEG,SRE,AEP,XEL,DUK,SO,WEC,PEG,LNT,ETR,D,PPL,NI,FE,AWK,ES,CNP,CMS,ATO
0.03,0.13,0.030000000000000002,0.029999999999999995,0.07467291263596408,0.029999999999999995,0.029999999999999995,0.03,0.030000000000000002,0.030000000000000002,0.03,0.13,0.03,0.03,0.0853270873640354,0.03,0.03,0.03,0.03,0.13