UNH,JNJ,MRK,ABBV,TMO,ABT,DHR,SYK,GILD,CI,BDX,LLY,ISRG,VRTX,REGN,EW,IDXX,DXCM,MRNA,ZTS
0.03,0.13,0.13,0.03287141919718201,0.03,0.03,0.029999999999999995,0.03,0.12668451970706063,0.03,0.13,0.03,0.03,0.030444061095757154,0.03,0.03,0.030000000000000002,0.030000000000000002,0.029999999999999995,0.03