PLD,AMT,EQIX,PSA,O,FRT,AVB,VICI,DLR,CCI,INVH,MAA,WELL,EXR,SPG,BXP,VTR,EQR,ARE,IRM
0.03,0.029999999999999995,0.13,0.13,0.03,0.03,0.03,0.029999999999999995,0.13,0.13000000000000006,0.029999999999999995,0.03,0.03,0.03,0.03,0.029999999999999995,0.03,0.03,0.03,0.03