LIN,APD,SHW,ECL,NUE,ALB,FCX,CTVA,EMN,VMC,MLM,PPG,DOW,LYB,IFF,NEM,IP,BALL,MOS,DD
0.13,0.13,0.11926267147271526,0.03,0.03,0.030000000000000002,0.03,0.03,0.03,0.03,0.03,0.029999999999999992,0.03,0.03,0.029999999999999995,0.13,0.04073732852728535,0.029999999999999995,0.03,0.029999999999999995