GOOGL,GOOG,META,NFLX,TMUS,DIS,LYV,EA,TTWO,CMCSA,CHTR,MTCH,WBD,OMC,IPG,FOXA,VZ,NWSA,PARA,T
0.03,0.08799017864733544,0.13,0.03,0.13,0.029999999999999992,0.07426275257217103,0.03,0.03,0.03,0.030000000000000002,0.030000000000000002,0.03,0.03,0.03,0.11681220607680888,0.03,0.0382715675199019,0.03,0.0326632951837826