PLD,AMT,EQIX,PSA,O,FRT,AVB,VICI,DLR,CCI,INVH,MAA,WELL,EXR,SPG,BXP,VTR,EQR,ARE,IRM
0.03,0.029999999999999995,0.13,0.13,0.03,0.03,0.03,0.0489910603070378,0.03,0.030000000000000002,0.029999999999999995,0.03,0.03,0.11100893969296183,0.03,0.029999999999999995,0.03,0.03,0.03,0.13