GOOGL,GOOG,META,NFLX,TMUS,DIS,LYV,EA,TTWO,CMCSA,CHTR,MTCH,WBD,OMC,IPG,FOXA,VZ,NWSA,PARA,T
0.03666139587216921,0.12999999999999998,0.12333860412783074,0.13,0.13,0.030000000000000002,0.03,0.029999999999999995,0.03,0.029999999999999995,0.029999999999999995,0.03,0.03,0.03,0.03,0.03,0.03,0.03,0.03,0.03