UNH,JNJ,MRK,ABBV,TMO,ABT,DHR,SYK,GILD,CI,BDX,LLY,ISRG,VRTX,REGN,EW,IDXX,DXCM,MRNA,ZTS
0.11061283315339969,0.030000000000000002,0.029999999999999995,0.13,0.03,0.03,0.03,0.029999999999999995,0.04138068027975285,0.03,0.029999999999999995,0.13,0.11563776075563979,0.05236872581120704,0.03,0.030000000000000002,0.03,0.03,0.03,0.029999999999999995