LMT,RTX,GD,CAT,DE,CMI,PH,ITW,ETN,EMR,ROK,HON,UNP,CSX,UPS,WM,RSG,CARR,JCI,OTIS
0.030000000000000002,0.029999999999999995,0.03,0.03,0.029999999999999995,0.029999999999999995,0.03,0.029999999999999995,0.12973073606380675,0.029999999999999992,0.029999999999999992,0.03,0.03,0.03,0.03,0.030269263936192944,0.13,0.13,0.03,0.13