MSFT,AAPL,AVGO,ADBE,ORCL,ACN,INTU,CSCO,LRCX,NVDA,AMD,CRM,NOW,PANW,QCOM,KLAC,AMAT,SNPS,CDNS,ANET
0.09990185179393439,0.06009814820606542,0.029999999999999995,0.03,0.12999999999999998,0.12999999999999998,0.03,0.12999999999999998,0.030000000000000002,0.029999999999999995,0.029999999999999995,0.030000000000000002,0.03,0.03,0.029999999999999995,0.03,0.03,0.03,0.03,0.029999999999999995