LIN,APD,SHW,ECL,NUE,ALB,FCX,CTVA,EMN,VMC,MLM,PPG,DOW,LYB,IFF,NEM,IP,BALL,MOS,DD
0.13,0.029999999999999995,0.13,0.03,0.12292384490202922,0.030000000000000002,0.13,0.03707615509797063,0.030000000000000002,0.029999999999999995,0.03,0.029999999999999995,0.03,0.03,0.029999999999999995,0.029999999999999992,0.03,0.029999999999999992,0.029999999999999995,0.029999999999999992