COST,PG,PEP,MKC,CHD,WMT,KO,MDLZ,CL,HSY,MNST,STZ,EL,PM,MO,GIS,KMB,SYY,CLX,KR
0.13,0.03,0.03,0.03,0.0377831748591206,0.13,0.03,0.03,0.03,0.03,0.03,0.029999999999999995,0.03,0.1222168251408788,0.029999999999999995,0.03,0.03,0.029999999999999995,0.029999999999999995,0.13