MSFT,AAPL,AVGO,ADBE,ORCL,ACN,INTU,CSCO,LRCX,NVDA,AMD,CRM,NOW,PANW,QCOM,KLAC,AMAT,SNPS,CDNS,ANET
0.03,0.03,0.13,0.03,0.09258818571921416,0.03,0.03,0.03,0.030000000000000002,0.13,0.029999999999999995,0.030000000000000002,0.03,0.06741181428078563,0.029999999999999995,0.03,0.03,0.03,0.03,0.13