UNH,JNJ,MRK,ABBV,TMO,ABT,DHR,SYK,GILD,CI,BDX,LLY,ISRG,VRTX,REGN,EW,IDXX,DXCM,MRNA,ZTS
0.029999999999999995,0.13,0.13,0.03590017963536821,0.03,0.03,0.03,0.03,0.11301000124965911,0.03,0.13,0.03,0.029999999999999995,0.041089819114973176,0.030000000000000002,0.03,0.030000000000000002,0.029999999999999995,0.030000000000000002,0.03