XOM,CVX,COP,EOG,DVN,FANG,HES,APA,CTRA,OXY,MPC,VLO,PSX,SLB,HAL,BKR,KMI,WMB,OKE,TRGP
0.03,0.03,0.03,0.03,0.03,0.03,0.03,0.03,0.13,0.03,0.12977835084074288,0.03,0.03,0.03,0.03,0.03,0.030221649159256708,0.13,0.03,0.13