MSFT,AAPL,AVGO,ADBE,ORCL,ACN,INTU,CSCO,LRCX,NVDA,AMD,CRM,NOW,PANW,QCOM,KLAC,AMAT,SNPS,CDNS,ANET
0.030000000000000002,0.06239720320980183,0.13,0.03,0.029999999999999995,0.03,0.029999999999999995,0.03,0.03,0.13,0.029999999999999995,0.030000000000000002,0.03,0.13,0.03,0.030000000000000002,0.03,0.03,0.029999999999999995,0.09760279679019856