LIN,APD,SHW,ECL,NUE,ALB,FCX,CTVA,EMN,VMC,MLM,PPG,DOW,LYB,IFF,NEM,IP,BALL,MOS,DD
0.13,0.1043058753295771,0.12981851362401042,0.03,0.030000000000000002,0.030000000000000002,0.029999999999999995,0.03,0.030000000000000002,0.029999999999999995,0.03,0.029999999999999995,0.03,0.03,0.029999999999999995,0.12999999999999998,0.0510798136818982,0.034795797364514186,0.029999999999999995,0.029999999999999992