AMZN,HD,MCD,NKE,SBUX,BKNG,TJX,ORLY,TSLA,CMG,LOW,YUM,HLT,MAR,ROST,GM,F,DHI,LEN,LULU
0.13,0.030000000000000002,0.13,0.029999999999999995,0.07581850499939852,0.03,0.03,0.13,0.03,0.03,0.03,0.08418149500060176,0.03,0.03,0.03,0.030000000000000002,0.029999999999999995,0.03,0.03,0.029999999999999995