MSFT,AAPL,AVGO,ADBE,ORCL,ACN,INTU,CSCO,LRCX,NVDA,AMD,CRM,NOW,PANW,QCOM,KLAC,AMAT,SNPS,CDNS,ANET
0.029999999999999995,0.03,0.1113091104571722,0.029999999999999995,0.10903261883278303,0.029999999999999992,0.030000000000000002,0.030000000000000002,0.029999999999999995,0.13,0.03,0.029999999999999995,0.029999999999999995,0.08747111223454651,0.03,0.03,0.029999999999999995,0.03,0.029999999999999995,0.11218715847549873