XOM,CVX,COP,EOG,DVN,FANG,HES,APA,CTRA,OXY,MPC,VLO,PSX,SLB,HAL,BKR,KMI,WMB,OKE,TRGP
0.09795635187705351,0.13,0.03,0.03,0.03,0.03,0.03,0.03,0.06204364812294608,0.03,0.03,0.03,0.03,0.03,0.03,0.03,0.13,0.13,0.03,0.03