PLD,AMT,EQIX,PSA,O,FRT,AVB,VICI,DLR,CCI,INVH,MAA,WELL,EXR,SPG,BXP,VTR,EQR,ARE,IRM
0.029999999999999995,0.029999999999999995,0.03,0.030324933849217077,0.03,0.029999999999999995,0.03,0.13,0.029999999999999995,0.03,0.029999999999999995,0.030000000000000002,0.13,0.029999999999999992,0.12942456981952066,0.030000000000000002,0.0302504963312629,0.03,0.029999999999999992,0.13