UNH,JNJ,MRK,ABBV,TMO,ABT,DHR,SYK,GILD,CI,BDX,LLY,ISRG,VRTX,REGN,EW,IDXX,DXCM,MRNA,ZTS
0.03,0.030000000000000002,0.03,0.13,0.03,0.03,0.029999999999999995,0.03,0.10319810523520676,0.03,0.030000000000000002,0.13,0.091531212747805,0.03,0.03,0.03,0.030000000000000002,0.030000000000000002,0.095270682016988,0.03