GOOGL,META,NFLX,DIS,WBD,PARA,FOXA,CMCSA,VZ,T,TMUS,EA,TTWO,CHTR,OMC,GOOG,LYV,FOX,NWSA,MTCH
0.03,0.13,0.03,0.029999999999999992,0.03,0.03,0.09502576892485654,0.03,0.03,0.03899446720197023,0.13,0.03,0.03,0.030000000000000002,0.03,0.09274920806469127,0.07633378182507328,0.029999999999999995,0.046896773983408524,0.030000000000000002