XOM,CVX,COP,EOG,DVN,APA,KMI,WMB,OKE,VLO,PSX,MPC,SLB,HAL,BKR,OXY,HES,FANG,TRGP,CTRA
0.03,0.03,0.03,0.03,0.03,0.03,0.03,0.13,0.03,0.03,0.03,0.13,0.03,0.03,0.03,0.03,0.03,0.03125444230746448,0.13,0.1287455576925351