JPM,BAC,WFC,MS,PNC,CB,PGR,AON,MMC,MET,BLK,SCHW,CME,SPGI,ICE,V,MA,GS,TROW,AXP
0.029999999999999995,0.03,0.03,0.03,0.029999999999999995,0.03,0.13,0.029999999999999995,0.11464293739963424,0.029999999999999995,0.03,0.03,0.13,0.03,0.13,0.04535706260036511,0.03,0.03,0.03,0.03