PG,KO,PEP,CL,MDLZ,KMB,COST,WMT,MO,PM,GIS,HSY,CLX,CPB,MKC,EL,CHD,K,BF.B,STZ
0.03,0.03,0.03,0.030000000000000002,0.03,0.03,0.13,0.13,0.0737282522154372,0.12999999999999998,0.08233956239834879,0.029999999999999995,0.029999999999999995,0.03,0.03,0.029999999999999992,0.030000000000000002,0.03393218538621351,0.03,0.029999999999999992