JNJ,UNH,PFE,ABBV,MRK,LLY,REGN,VRTX,MRNA,BIIB,AMGN,BMY,GILD,CI,MDT,TMO,ISRG,SYK,HCA,DHR
0.030000000000000002,0.03,0.029999999999999995,0.13,0.03,0.13,0.03,0.03,0.10385277682280303,0.03,0.03,0.029999999999999995,0.05614722317719673,0.03,0.030000000000000002,0.03,0.13,0.03,0.03,0.029999999999999995