AMZN,HD,MCD,NKE,TSLA,SBUX,LOW,TJX,MGM,RCL,DHI,LEN,ULTA,ROST,YUM,AZO,ORLY,BKNG,MAR,POOL
0.03,0.03,0.03,0.03,0.12505915027429274,0.03,0.03,0.03,0.03,0.08757520447038136,0.07736564525532652,0.03,0.030000000000000002,0.029999999999999995,0.03,0.13,0.13,0.029999999999999995,0.029999999999999992,0.029999999999999995