AAPL,MSFT,NVDA,AVGO,AMD,CRM,ADBE,ACN,INTU,ORCL,NOW,CDNS,SNPS,ANET,KLAC,MCHP,FTNT,PANW,TXN,CSCO
0.08815374968994107,0.030000000000000002,0.029999999999999995,0.03,0.029999999999999995,0.030000000000000002,0.03,0.1198969108556878,0.029999999999999995,0.10216760762325491,0.03,0.029999999999999995,0.03,0.029999999999999995,0.030000000000000002,0.030000000000000002,0.029999999999999995,0.03,0.10978173183111659,0.12999999999999998