AMZN,HD,MCD,NKE,TSLA,SBUX,LOW,TJX,MGM,RCL,DHI,LEN,ULTA,ROST,YUM,AZO,ORLY,BKNG,MAR,POOL
0.05770229487409824,0.03,0.13,0.03,0.03,0.03,0.03,0.03,0.03,0.03,0.029999999999999995,0.03,0.030000000000000002,0.029999999999999995,0.13,0.10229770512590236,0.13,0.029999999999999995,0.029999999999999992,0.029999999999999995