AAPL,MSFT,NVDA,AVGO,AMD,CRM,ADBE,ACN,INTU,ORCL,NOW,CDNS,SNPS,ANET,KLAC,MCHP,FTNT,PANW,TXN,CSCO
0.039894349322650895,0.030000000000000002,0.13,0.13,0.029999999999999995,0.030000000000000002,0.03,0.03,0.029999999999999995,0.029999999999999995,0.03,0.029999999999999995,0.03,0.09988083569461256,0.030000000000000002,0.030000000000000002,0.05022481498273687,0.13,0.030000000000000002,0.03