JNJ,UNH,PFE,ABBV,MRK,LLY,REGN,VRTX,MRNA,BIIB,AMGN,BMY,GILD,CI,MDT,TMO,ISRG,SYK,HCA,DHR
0.030000000000000002,0.05080211818555019,0.029999999999999995,0.13,0.029999999999999995,0.13,0.03,0.040052458135985146,0.03,0.03,0.029999999999999995,0.03,0.03,0.03,0.03,0.03,0.099145423678464,0.029999999999999995,0.13,0.03