LIN,APD,SHW,ECL,PPG,NUE,STLD,CF,MOS,ALB,DOW,EMN,IFF,VMC,MLM,AVY,FCX,IP,NEM,BALL
0.13,0.029999999999999995,0.08462696299685404,0.03,0.029999999999999992,0.04065826773962237,0.13,0.029999999999999995,0.03,0.030000000000000002,0.03,0.03,0.029999999999999995,0.03,0.03,0.03,0.13,0.030000000000000002,0.06471476926352415,0.029999999999999995