XOM,CVX,COP,EOG,DVN,APA,KMI,WMB,OKE,VLO,PSX,MPC,SLB,HAL,BKR,OXY,HES,FANG,TRGP,CTRA
0.03353531558997227,0.1264646844100273,0.03,0.03,0.03,0.03,0.13,0.13,0.03,0.03,0.03,0.03,0.03,0.03,0.03,0.03,0.03,0.03,0.03,0.13