AAPL,MSFT,NVDA,AVGO,AMD,CRM,ORCL,INTU,TXN,QCOM,ACN,NOW,PANW,FTNT,INTC,ADBE,CSCO,ANET,LRCX,AMAT
0.08467037138032615,0.030000000000000002,0.029999999999999995,0.03,0.029999999999999995,0.030000000000000002,0.10136808922765889,0.029999999999999995,0.10396153939201527,0.03,0.13,0.03,0.03,0.029999999999999995,0.030000000000000002,0.03,0.12999999999999998,0.029999999999999995,0.03,0.03