LIN,SHW,APD,ECL,NEM,FCX,NUE,MLM,VMC,ALB,MOS,CF,BALL,PKG,IFF,AVY,EMN,CTVA,IP,PPG
0.13,0.0816314670026439,0.029999999999999995,0.03,0.029999999999999992,0.13,0.030000000000000002,0.03,0.029999999999999995,0.030000000000000002,0.029999999999999995,0.12981426157979328,0.029999999999999992,0.07855427141756267,0.029999999999999995,0.03,0.030000000000000002,0.03,0.03,0.029999999999999995