AMZN,TSLA,HD,NKE,MCD,LOW,SBUX,BKNG,EBAY,GM,F,CMG,RL,YUM,ULTA,CZR,TJX,ROST,MAR,AZO
0.03,0.13,0.03,0.03,0.03,0.0551133639537428,0.03,0.05253277972597894,0.029999999999999995,0.03,0.03,0.12999999999999998,0.0447265547914179,0.06301108989819286,0.030000000000000002,0.03,0.034616211630668005,0.029999999999999995,0.029999999999999992,0.13