LIN,APD,SHW,ECL,PPG,NUE,STLD,CF,MOS,ALB,DOW,EMN,IFF,VMC,MLM,AVY,FCX,IP,NEM,BALL
0.13,0.13,0.08913073113579542,0.03,0.03,0.03,0.030000000000000002,0.029999999999999995,0.03,0.03,0.03,0.03,0.029999999999999995,0.03,0.029999999999999995,0.030000000000000002,0.030000000000000002,0.07264750747725715,0.12822176138694788,0.029999999999999995