LIN,APD,SHW,ECL,PPG,NUE,STLD,CF,MOS,ALB,DOW,EMN,IFF,VMC,MLM,AVY,FCX,IP,NEM,BALL
0.13,0.029999999999999995,0.0588025046170327,0.03,0.029999999999999995,0.030000000000000002,0.13,0.10119749538296716,0.029999999999999995,0.030000000000000002,0.03,0.030000000000000002,0.029999999999999995,0.029999999999999995,0.03,0.03,0.13,0.03,0.029999999999999992,0.029999999999999992