GOOGL,META,NFLX,DIS,WBD,PARA,FOXA,CMCSA,VZ,T,TMUS,EA,TTWO,CHTR,OMC,GOOG,LYV,FOX,NWSA,MTCH
0.029999999999999995,0.030000000000000002,0.030000000000000002,0.030000000000000002,0.03,0.03,0.03,0.029999999999999995,0.13,0.0971057926002059,0.1285406064049101,0.13,0.06435360099488385,0.029999999999999995,0.03,0.029999999999999995,0.03,0.029999999999999995,0.03,0.03