NEE,SO,DUK,AEP,EXC,XEL,SRE,WEC,ES,D,PEG,CMS,AWK,CNP,PNW,NI,DTE,FE,ED,ATO
0.029999999999999995,0.13,0.03,0.03,0.1299999999999954,0.029999999999999995,0.030000000000000002,0.029999999999999995,0.029999999999999995,0.030000000000000002,0.12999999999999998,0.03,0.029999999999999995,0.13000000000000003,0.029999999999999995,0.030000000000005016,0.03,0.029999999999999995,0.030000000000000002,0.029999999999999995