LIN,SHW,APD,ECL,NEM,FCX,NUE,MLM,VMC,ALB,MOS,CF,BALL,PKG,IFF,AVY,EMN,CTVA,IP,PPG
0.13,0.03935956014446447,0.029999999999999995,0.03,0.05387257395866864,0.13,0.10676067111894227,0.03,0.03,0.030000000000000002,0.03,0.029999999999999995,0.029999999999999995,0.1200071947779252,0.029999999999999995,0.03,0.03,0.03,0.030000000000000002,0.029999999999999992