AMZN,TSLA,HD,NKE,MCD,LOW,SBUX,BKNG,EBAY,GM,F,CMG,RL,YUM,ULTA,CZR,TJX,ROST,MAR,AZO
0.13,0.03,0.03,0.029999999999999992,0.13,0.03,0.07169008759240601,0.029999999999999995,0.04504985566670013,0.03,0.03,0.029999999999999992,0.030000000000000002,0.0732600567408941,0.03,0.03,0.029999999999999992,0.03,0.030000000000000002,0.13