AMZN,TSLA,HD,NKE,MCD,LOW,SBUX,BKNG,EBAY,GM,F,CMG,RL,YUM,ULTA,CZR,TJX,ROST,MAR,AZO
0.12742976482469245,0.13,0.03,0.029999999999999992,0.030000000000000002,0.03257023517530787,0.03,0.029999999999999995,0.029999999999999992,0.03,0.03,0.13,0.030000000000000002,0.029999999999999995,0.03,0.03,0.029999999999999992,0.03,0.030000000000000002,0.13