GOOGL,META,NFLX,DIS,CMCSA,VZ,TMUS,CHTR,FOXA,PARA,WBD,EA,TTWO,LYV,MTCH,T,GOOG,OMC,IPG,NWSA
0.048333118478719385,0.13,0.11166688152128076,0.03,0.029999999999999995,0.03,0.13,0.029999999999999995,0.03,0.03,0.030000000000000002,0.03,0.029999999999999995,0.03,0.03,0.030000000000000002,0.13,0.029999999999999995,0.03,0.03