UNP,HON,RTX,CAT,DE,LMT,GE,WM,NOC,EMR,PH,CSX,CARR,ROK,ITW,FAST,ODFL,XYL,CTAS,ETN
0.03,0.03,0.029999999999999995,0.06778408150684691,0.029999999999999995,0.030000000000000002,0.04920384827096229,0.07872749074612401,0.03,0.029999999999999992,0.03,0.03,0.13,0.029999999999999992,0.029999999999999995,0.0892008299918646,0.06508374948420183,0.029999999999999995,0.030000000000000002,0.13