LMT,RTX,NOC,CAT,DE,ITW,UNP,CSX,FDX,UPS,ETN,ROK,BA,HON,MMM,GE,NSC,PCAR,PH,TXT
0.03,0.03,0.029999999999999995,0.12999999999999998,0.03,0.029999999999999995,0.029999999999999995,0.03,0.03,0.029999999999999995,0.13,0.029999999999999995,0.03,0.030000000000000002,0.03,0.13000000000000003,0.03,0.07598511845263947,0.08401488154736096,0.029999999999999995