NEE,DUK,SO,D,AEP,XEL,SRE,ED,EXC,CNP,WEC,AWK,AES,NI,ETR,PEG,ATO,ES,FE,CMS
0.03,0.029999999999999995,0.029999999999999995,0.13,0.030000000000000002,0.056308143934914345,0.029999999999999992,0.13,0.030000000000000002,0.03,0.03,0.03,0.03,0.029999999999999995,0.030000000000000002,0.029999999999999995,0.13,0.029999999999999992,0.10369185606508537,0.03