XOM,CVX,COP,EOG,DVN,APA,KMI,WMB,OKE,VLO,PSX,MPC,SLB,HAL,BKR,OXY,HES,FANG,TRGP,CTRA
0.03,0.03,0.03,0.03,0.03,0.03,0.03,0.13,0.12855755465147228,0.03,0.03,0.13,0.03,0.03,0.03,0.03,0.03,0.031442445348527304,0.13,0.03