PLD,AMT,CCI,EQIX,DLR,SPG,O,AVB,EQR,MAA,VICI,WELL,ARE,EXR,PSA,INVH,HST,CPT,ESS,IRM
0.03,0.029999999999999995,0.11283047552843965,0.13,0.13,0.03,0.03,0.03,0.03,0.03,0.029999999999999995,0.03,0.03,0.03,0.13,0.029999999999999995,0.04716952447155998,0.029999999999999992,0.03,0.03