GOOGL,META,NFLX,DIS,WBD,PARA,FOXA,CMCSA,VZ,T,TMUS,EA,TTWO,CHTR,OMC,GOOG,LYV,FOX,NWSA,MTCH
0.03,0.029999999999999995,0.03,0.029999999999999992,0.03,0.03,0.03,0.03,0.13,0.1276960619365408,0.11208958239103546,0.13,0.04788338811424729,0.030000000000000002,0.03,0.030000000000000002,0.03,0.03233096755817636,0.029999999999999995,0.030000000000000002