NEE,SO,DUK,AEP,EXC,XEL,SRE,WEC,ES,D,PEG,CMS,AWK,CNP,PNW,NI,DTE,FE,ED,ATO
0.029999999999999995,0.1297791759793831,0.13,0.03,0.03,0.029999999999999995,0.030000000000000002,0.029999999999999995,0.029999999999999995,0.030000000000000002,0.03552563500162353,0.03,0.029999999999999995,0.03,0.029999999999999995,0.030000000000000002,0.06763444457308704,0.0383992201417764,0.07866152430413036,0.12999999999999998