NEE,SO,DUK,AEP,EXC,XEL,SRE,WEC,ES,D,PEG,CMS,AWK,CNP,PNW,NI,DTE,FE,ED,ATO
0.04403135824075075,0.029999999999999995,0.029999999999999995,0.030000000000000002,0.030000000000000002,0.042017672350582055,0.029999999999999992,0.03,0.029999999999999992,0.13,0.029999999999999995,0.03,0.03,0.03,0.029999999999999992,0.029999999999999995,0.03,0.10395096940866687,0.13,0.13