LLY,MRK,PFE,BMY,JNJ,ABBV,VRTX,REGN,GILD,UNH,TMO,ABT,ISRG,SYK,DHR,EW,CI,MCK,HUM,MDT
0.13,0.030000000000000002,0.030000000000000002,0.03,0.029999999999999995,0.12999999999999523,0.030000000000005293,0.13,0.03,0.029999999999999995,0.03,0.03,0.029999999999999995,0.03,0.03,0.03,0.03,0.12999999999999998,0.03,0.029999999999999995