XOM,CVX,COP,EOG,SLB,OXY,VLO,MPC,PSX,HES,HAL,FANG,DVN,WMB,KMI,CTRA,APA,BKR,OKE,EQT
0.03,0.03,0.03,0.03,0.03,0.03,0.03,0.13,0.03,0.03,0.03,0.03,0.03,0.13,0.030760211779861026,0.12923978822013857,0.03,0.03,0.03,0.13