PG,KO,PEP,COST,WMT,CL,KMB,MDLZ,EL,SYY,STZ,HSY,KR,TAP,MKC,CHD,CAG,CPB,WBA,K
0.03,0.03,0.03,0.03,0.11843417823358957,0.13000000000000003,0.03,0.03,0.029999999999999992,0.030000000000000002,0.029999999999999992,0.029999999999999995,0.09234294373710165,0.03,0.03,0.06689131983388606,0.029999999999999995,0.07613781860804207,0.03,0.0961937395873801