JNJ,UNH,PFE,ABBV,MRK,LLY,REGN,VRTX,MRNA,BIIB,AMGN,BMY,GILD,CI,MDT,TMO,ISRG,SYK,HCA,DHR
0.13,0.03,0.029999999999999995,0.07504131874350776,0.13,0.030000000000000002,0.03,0.049903492636680334,0.03,0.03,0.029999999999999995,0.07799762901308795,0.03,0.03,0.11705755960672333,0.03,0.029999999999999995,0.029999999999999995,0.029999999999999995,0.03