PG,KO,PEP,COST,WMT,CL,KMB,MDLZ,EL,SYY,STZ,HSY,KR,TAP,MKC,CHD,CAG,CPB,WBA,K
0.029999999999999995,0.03,0.030000000000000002,0.13,0.12959097402775654,0.03,0.03,0.030000000000000002,0.030000000000000002,0.03,0.030000000000000002,0.029999999999999995,0.13,0.03,0.03,0.045180924483173575,0.03,0.03,0.030000000000000002,0.11522810148906987