PLD,AMT,CCI,EQIX,DLR,SPG,O,AVB,EQR,MAA,VICI,WELL,ARE,EXR,PSA,INVH,HST,CPT,ESS,IRM
0.03,0.029999999999999995,0.030000000000000002,0.13,0.03,0.03,0.03,0.03,0.03,0.03,0.06349594564046088,0.03,0.03,0.09650405435953875,0.13,0.029999999999999995,0.029999999999999995,0.029999999999999992,0.03,0.13