XOM,CVX,COP,EOG,SLB,OXY,VLO,MPC,PSX,HES,HAL,FANG,DVN,WMB,KMI,CTRA,APA,BKR,OKE,EQT
0.03826337502755174,0.029999999999999995,0.029999999999999992,0.03,0.030000000000000002,0.03,0.029999999999999995,0.13,0.030000000000000002,0.03,0.02999999999999999,0.09586685948431713,0.030000000000000002,0.12999999999999998,0.03,0.05586976548813136,0.03,0.029999999999999995,0.03,0.12999999999999998