LMT,RTX,NOC,CAT,DE,ITW,UNP,CSX,FDX,UPS,ETN,ROK,BA,HON,MMM,GE,NSC,PCAR,PH,TXT
0.13,0.03,0.13,0.029999999999999992,0.03,0.03,0.029999999999999995,0.08676482236981599,0.03,0.07718736995506095,0.029999999999999995,0.04044112259144373,0.03,0.029999999999999995,0.03857028696844608,0.029999999999999995,0.030000000000000002,0.1070363981152336,0.03,0.03