GOOGL,META,NFLX,DIS,CMCSA,VZ,TMUS,CHTR,FOXA,PARA,WBD,EA,TTWO,LYV,MTCH,T,GOOG,OMC,IPG,NWSA
0.03,0.029999999999999995,0.03,0.029999999999999992,0.03,0.13,0.10912103874248841,0.030000000000000002,0.04662937154147119,0.03,0.03,0.13,0.04482280588501874,0.03,0.030000000000000002,0.11942678383102161,0.030000000000000002,0.03,0.03,0.029999999999999995