LLY,MRK,PFE,BMY,JNJ,ABBV,VRTX,REGN,GILD,UNH,TMO,ABT,ISRG,SYK,DHR,EW,CI,MCK,HUM,MDT
0.13,0.029999999999999995,0.029999999999999995,0.03,0.030000000000000002,0.13,0.04608316959571708,0.03,0.03,0.03,0.03,0.03,0.11391683040428223,0.029999999999999995,0.03,0.030000000000000002,0.03,0.13,0.029999999999999992,0.03