GOOGL,META,NFLX,DIS,CMCSA,VZ,TMUS,CHTR,FOXA,PARA,WBD,EA,TTWO,LYV,MTCH,T,GOOG,OMC,IPG,NWSA
0.03,0.13,0.03,0.029999999999999992,0.03,0.03,0.13,0.030000000000000002,0.11681220607680885,0.03,0.03,0.03,0.03,0.07426275257217109,0.030000000000000002,0.03266329518378264,0.08799017864733541,0.03,0.03,0.0382715675199018