PG,KO,PEP,CL,MDLZ,KMB,COST,WMT,MO,PM,GIS,HSY,CLX,CPB,MKC,EL,CHD,K,BF.B,STZ
0.03,0.03,0.03,0.1259619746295099,0.03,0.03,0.05385834366591568,0.13,0.030289248256895395,0.029999999999999995,0.12911438279426965,0.029999999999999995,0.029999999999999995,0.04039569010267121,0.03,0.029999999999999992,0.05888327942166368,0.07149708112907396,0.03,0.029999999999999992