LIN,APD,SHW,ECL,PPG,NUE,STLD,CF,MOS,ALB,DOW,EMN,IFF,VMC,MLM,AVY,FCX,IP,NEM,BALL
0.13,0.10592927053322364,0.11868358537947332,0.03,0.029999999999999995,0.030000000000000002,0.03,0.03863578711946768,0.029999999999999995,0.030000000000000002,0.03,0.030000000000000002,0.029999999999999995,0.029999999999999995,0.03,0.03,0.029999999999999995,0.049479998456865466,0.12999999999999998,0.03727135851096979