LIN,SHW,APD,ECL,NEM,FCX,NUE,MLM,VMC,ALB,MOS,CF,BALL,PKG,IFF,AVY,EMN,CTVA,IP,PPG
0.11900462154667467,0.056646465192017444,0.12143954295510985,0.03,0.12290937030619846,0.030000000000000002,0.03,0.029999999999999995,0.03,0.03,0.03,0.029999999999999995,0.029999999999999995,0.13,0.029999999999999995,0.030000000000000002,0.03,0.030000000000000002,0.03,0.03