PG,KO,PEP,COST,WMT,CL,KMB,MDLZ,EL,SYY,STZ,HSY,KR,TAP,MKC,CHD,CAG,CPB,WBA,K
0.03,0.03,0.03,0.03,0.11751009888953755,0.13,0.03,0.03,0.03,0.029999999999999995,0.029999999999999995,0.03,0.0914784485375012,0.03,0.03,0.07714499230856542,0.03,0.04396959476824934,0.030000000000000002,0.11989686549614592