UNP,HON,RTX,CAT,DE,LMT,GE,WM,NOC,EMR,PH,CSX,CARR,ROK,ITW,FAST,ODFL,XYL,CTAS,ETN
0.03,0.03,0.029999999999999995,0.03,0.029999999999999995,0.12386546925625205,0.029999999999999995,0.13,0.13,0.029999999999999992,0.03,0.03,0.07186811212783054,0.029999999999999992,0.029999999999999995,0.09426641861591706,0.029999999999999995,0.029999999999999995,0.030000000000000002,0.029999999999999995