JNJ,UNH,PFE,ABBV,MRK,LLY,REGN,VRTX,MRNA,BIIB,AMGN,BMY,GILD,CI,MDT,TMO,ISRG,SYK,HCA,DHR
0.13,0.029999999999999995,0.030000000000000002,0.06202588900860626,0.13,0.03,0.030000000000000002,0.07425806887071096,0.030000000000000002,0.03,0.03,0.03,0.12498155055976715,0.03,0.04533556929174335,0.04339892226917271,0.029999999999999995,0.03,0.03,0.03