PG,KO,PEP,COST,WMT,CL,KMB,MDLZ,EL,SYY,STZ,HSY,KR,TAP,MKC,CHD,CAG,CPB,WBA,K
0.029999999999999995,0.03,0.08965784626870288,0.03,0.10116828932155086,0.13,0.03,0.030000000000000002,0.030000000000000002,0.03,0.030000000000000002,0.029999999999999995,0.0639276106449542,0.03,0.03,0.06524625376479203,0.03,0.03,0.030000000000000002,0.13