AMZN,TSLA,HD,NKE,MCD,LOW,SBUX,BKNG,EBAY,GM,F,CMG,RL,YUM,ULTA,CZR,TJX,ROST,MAR,AZO
0.13,0.03,0.030000000000000002,0.029999999999999995,0.13,0.03,0.07415052161646922,0.03,0.0466210657461063,0.030000000000000002,0.029999999999999995,0.03,0.029999999999999995,0.06922841263742478,0.03,0.030000000000000002,0.03,0.03,0.03,0.12999999999999998