JPM,BAC,WFC,MS,PNC,CB,PGR,AON,MMC,MET,BLK,SCHW,CME,SPGI,ICE,V,MA,GS,TROW,AXP
0.03,0.029999999999999995,0.030000000000000002,0.044316859707239135,0.029999999999999992,0.13,0.13,0.030000000000000002,0.13,0.03,0.03,0.03,0.03,0.03,0.11132480628867147,0.029999999999999995,0.029999999999999995,0.03435833400408934,0.03,0.030000000000000002