NEE,DUK,SO,D,AEP,XEL,SRE,ED,EXC,CNP,WEC,AWK,AES,NI,ETR,PEG,ATO,ES,FE,CMS
0.029999999999999995,0.03,0.13,0.030000000000000002,0.03,0.029999999999999995,0.030000000000000002,0.030000000000000002,0.12999999999999456,0.13000000000000003,0.029999999999999995,0.029999999999999995,0.03,0.030000000000005845,0.029999999999999995,0.12999999999999998,0.029999999999999995,0.029999999999999995,0.029999999999999995,0.03