AAPL,MSFT,NVDA,AVGO,AMD,CRM,ORCL,INTU,TXN,QCOM,ACN,NOW,PANW,FTNT,INTC,ADBE,CSCO,ANET,LRCX,AMAT
0.03,0.029999999999999995,0.13,0.10969529243609359,0.03,0.029999999999999995,0.07053515926750517,0.030000000000000002,0.029999999999999995,0.03,0.029999999999999992,0.029999999999999995,0.048902374045407836,0.09086717425099385,0.029999999999999995,0.029999999999999995,0.030000000000000002,0.13,0.029999999999999995,0.029999999999999995