NEE,DUK,SO,D,AEP,XEL,SRE,ED,EXC,CNP,WEC,AWK,AES,NI,ETR,PEG,ATO,ES,FE,CMS
0.029999999999999995,0.13,0.13,0.030000000000000002,0.03,0.029999999999999995,0.030000000000000002,0.10449575177996778,0.03,0.03202734021659857,0.03978287951883792,0.029999999999999995,0.03,0.030000000000000002,0.029999999999999995,0.03076672092687948,0.12999999999999998,0.029999999999999995,0.0429273075577165,0.03