AAPL,MSFT,NVDA,AVGO,AMD,CRM,ADBE,ACN,INTU,ORCL,NOW,CDNS,SNPS,ANET,KLAC,MCHP,FTNT,PANW,TXN,CSCO
0.030580044659881647,0.029999999999999995,0.13,0.11076354787591972,0.03,0.029999999999999995,0.029999999999999995,0.029999999999999992,0.030000000000000002,0.09146576525174178,0.029999999999999995,0.029999999999999995,0.03,0.1192014710551096,0.03,0.03,0.08133284422913885,0.04665632692820878,0.029999999999999995,0.030000000000000002