LIN,APD,SHW,ECL,PPG,NUE,STLD,CF,MOS,ALB,DOW,EMN,IFF,VMC,MLM,AVY,FCX,IP,NEM,BALL
0.13,0.029999999999999995,0.05598617676341757,0.03,0.03,0.03,0.13,0.10401382323658283,0.03,0.03,0.03,0.03,0.029999999999999995,0.03,0.029999999999999995,0.030000000000000002,0.13,0.03,0.03,0.029999999999999995