PG,KO,PEP,COST,WMT,CL,KMB,MDLZ,EL,SYY,STZ,HSY,KR,TAP,MKC,CHD,CAG,CPB,WBA,K
0.03,0.03,0.03,0.13,0.13,0.03,0.03,0.03,0.03,0.029999999999999995,0.029999999999999995,0.03,0.13,0.03,0.03,0.08942942975656266,0.03,0.03,0.030000000000000002,0.07057057024343671