PG,KO,PEP,CL,MDLZ,KMB,COST,WMT,MO,PM,GIS,HSY,CLX,CPB,MKC,EL,CHD,K,BF.B,STZ
0.03,0.03,0.03,0.11324722445042908,0.03,0.03,0.0437063801790702,0.13,0.03682295440542636,0.029999999999999995,0.12111902804743223,0.03,0.029999999999999995,0.03,0.03,0.03,0.07474631954307032,0.09035809337457128,0.03,0.029999999999999995