AMZN,HD,MCD,NKE,TSLA,SBUX,LOW,TJX,MGM,RCL,DHI,LEN,ULTA,ROST,YUM,AZO,ORLY,BKNG,MAR,POOL
0.1296838337626152,0.030000000000000002,0.03,0.029999999999999995,0.13,0.030000000000000002,0.03,0.03,0.029999999999999995,0.03,0.03031616623738512,0.03,0.03,0.03,0.029999999999999992,0.12999999999999998,0.13,0.03,0.03,0.03