AMZN,HD,MCD,NKE,TSLA,SBUX,LOW,TJX,MGM,RCL,DHI,LEN,ULTA,ROST,YUM,AZO,ORLY,BKNG,MAR,POOL
0.13,0.03,0.13,0.029999999999999992,0.03,0.04054401246269826,0.03,0.029999999999999992,0.03,0.030000000000000002,0.029999999999999995,0.030000000000000002,0.03,0.03,0.029999999999999995,0.0875056918293707,0.12999999999999998,0.029999999999999995,0.030000000000000002,0.06195029570793136