GOOGL,META,NFLX,DIS,CMCSA,VZ,TMUS,CHTR,FOXA,PARA,WBD,EA,TTWO,LYV,MTCH,T,GOOG,OMC,IPG,NWSA
0.029999999999999995,0.029999999999999995,0.029999999999999995,0.03,0.029999999999999995,0.13,0.13,0.029999999999999995,0.03,0.03,0.030000000000000002,0.13,0.06554591782442017,0.03,0.03,0.09445408217558,0.030000000000000002,0.029999999999999995,0.03,0.03