XOM,CVX,COP,EOG,SLB,OXY,VLO,MPC,PSX,HES,HAL,FANG,DVN,WMB,KMI,CTRA,APA,BKR,OKE,EQT
0.12739827631151138,0.13,0.03,0.03,0.03,0.03,0.03,0.03,0.03,0.03,0.03,0.03,0.03,0.13,0.13,0.03260172368848821,0.03,0.03,0.03,0.03