NEE,SO,DUK,AEP,EXC,XEL,SRE,WEC,ES,D,PEG,CMS,AWK,CNP,PNW,NI,DTE,FE,ED,ATO
0.03,0.13,0.06345201729353021,0.030000000000000002,0.030000000000000002,0.03,0.029999999999999992,0.03,0.029999999999999992,0.029999999999999995,0.12999999999999998,0.03,0.03,0.03,0.029999999999999992,0.12999999999999998,0.03,0.03,0.030000000000000002,0.09654798270646947