JPM,BAC,WFC,C,USB,PNC,TFC,V,MA,PYPL,BLK,SCHW,BRK.B,CB,TRV,MMC,PGR,TROW,AXP,GS
0.03,0.029999999999999992,0.03,0.03,0.030000000000000002,0.029999999999999995,0.029999999999999995,0.13,0.03,0.03,0.03,0.029999999999999995,0.13,0.029999999999999995,0.03,0.13,0.13,0.03,0.03,0.029999999999999995