PLD,AMT,CCI,EQIX,DLR,SPG,O,AVB,EQR,MAA,VICI,WELL,ARE,EXR,PSA,INVH,HST,CPT,ESS,IRM
0.029999999999999995,0.029999999999999995,0.03,0.03,0.029999999999999995,0.12999999999999975,0.03,0.03,0.03,0.030000000000000002,0.13,0.13,0.029999999999999992,0.029999999999999992,0.03,0.029999999999999995,0.029999999999999995,0.03,0.03,0.13