PG,KO,PEP,CL,MDLZ,KMB,COST,WMT,MO,PM,GIS,HSY,CLX,CPB,MKC,EL,CHD,K,BF.B,STZ
0.03,0.03,0.03,0.03,0.03,0.03,0.13,0.13,0.04385397209621947,0.13,0.03,0.03,0.029999999999999995,0.03,0.03,0.03,0.11614602790377997,0.030000000000000002,0.03,0.029999999999999995