GOOGL,META,NFLX,DIS,CMCSA,VZ,TMUS,CHTR,FOXA,PARA,WBD,EA,TTWO,LYV,MTCH,T,GOOG,OMC,IPG,NWSA
0.029999999999999995,0.030000000000000002,0.030000000000000002,0.030000000000000002,0.029999999999999995,0.13,0.12919584531808911,0.029999999999999995,0.03,0.03,0.03,0.13,0.06362091636222345,0.03,0.03,0.09718323831968737,0.029999999999999995,0.03,0.03,0.03