JPM,BAC,WFC,MS,PNC,CB,PGR,AON,MMC,MET,BLK,SCHW,CME,SPGI,ICE,V,MA,GS,TROW,AXP
0.03,0.029999999999999995,0.030000000000000002,0.03,0.029999999999999992,0.03,0.13,0.03323095230716093,0.13,0.03,0.03,0.03,0.13,0.03,0.11708450552084354,0.039684542171995456,0.029999999999999995,0.03,0.03,0.030000000000000002