PLD,AMT,CCI,EQIX,DLR,SPG,O,VTR,WELL,AVB,EQR,ESS,EXR,PSA,CBRE,SBAC,FRT,KIM,ARE,REG
0.03,0.03,0.13000000000000017,0.13,0.12999999999999998,0.03,0.029999999999999995,0.029999999999999995,0.030000000000000002,0.03,0.03,0.03,0.03,0.13,0.03,0.03,0.03,0.03,0.029999999999999995,0.029999999999999995