NEE,DUK,SO,D,AEP,XEL,SRE,ED,EXC,CNP,WEC,AWK,AES,NI,ETR,PEG,ATO,ES,FE,CMS
0.03,0.057500995907301934,0.03,0.12999999999999998,0.030000000000000002,0.030734593525542298,0.03,0.13,0.03,0.029999999999999995,0.03,0.029999999999999995,0.029999999999999995,0.03,0.03,0.03,0.13,0.029999999999999992,0.1017644105671562,0.03