LMT,RTX,NOC,CAT,DE,ITW,UNP,CSX,FDX,UPS,ETN,ROK,BA,HON,MMM,GE,NSC,PCAR,PH,TXT
0.030000000000000002,0.029999999999999995,0.03,0.13,0.03,0.03,0.029999999999999995,0.03,0.03,0.03,0.13,0.029999999999999995,0.029999999999999995,0.03,0.03,0.10023497802177615,0.03,0.0724579293136782,0.11730709266454614,0.029999999999999995