LIN,APD,SHW,ECL,PPG,NUE,STLD,CF,MOS,ALB,DOW,EMN,IFF,VMC,MLM,AVY,FCX,IP,NEM,BALL
0.13,0.13,0.1145307786007611,0.03,0.029999999999999992,0.03,0.030000000000000002,0.029999999999999995,0.03,0.030000000000000002,0.03,0.03,0.029999999999999995,0.03,0.03,0.03,0.03,0.04546922139923951,0.13,0.029999999999999995