XOM,CVX,COP,EOG,SLB,OXY,VLO,MPC,PSX,HES,HAL,FANG,DVN,WMB,KMI,CTRA,APA,BKR,OKE,EQT
0.046744244386064254,0.08360896024178208,0.029999999999999992,0.03,0.030000000000000002,0.03,0.029999999999999995,0.03,0.030000000000000002,0.03,0.02999999999999999,0.029999999999999995,0.030000000000000002,0.12999999999999998,0.13,0.13,0.03,0.029999999999999995,0.03,0.05964679537215389