LLY,MRK,PFE,BMY,JNJ,ABBV,VRTX,REGN,GILD,UNH,TMO,ABT,ISRG,SYK,DHR,EW,CI,MCK,HUM,MDT
0.03,0.13,0.04254201196714302,0.04209126276543111,0.13,0.030763042194064102,0.08500552894108845,0.030000000000000002,0.13,0.029999999999999995,0.04959815413227366,0.03,0.029999999999999995,0.03,0.03,0.03,0.03,0.029999999999999992,0.03,0.029999999999999995