PLD,AMT,CCI,EQIX,DLR,SPG,O,AVB,EQR,MAA,VICI,WELL,ARE,EXR,PSA,INVH,HST,CPT,ESS,IRM
0.03,0.03,0.03,0.13,0.12999999999999998,0.03,0.029999999999999995,0.03,0.03,0.03,0.03,0.07134931269651384,0.029999999999999995,0.03,0.08865068730348574,0.029999999999999995,0.03,0.029999999999999992,0.03,0.12999999999999998