JPM,BAC,WFC,MS,PNC,CB,PGR,AON,MMC,MET,BLK,SCHW,CME,SPGI,ICE,V,MA,GS,TROW,AXP
0.03,0.029999999999999992,0.03,0.029999999999999995,0.029999999999999995,0.029999999999999995,0.13,0.03,0.1141303562722725,0.030000000000000002,0.03,0.029999999999999995,0.12999999999999998,0.030000000000000002,0.13,0.045869643727727706,0.03,0.029999999999999995,0.03,0.03