AMZN,HD,MCD,NKE,TSLA,SBUX,LOW,TJX,MGM,RCL,DHI,LEN,ULTA,ROST,YUM,AZO,ORLY,BKNG,MAR,POOL
0.13,0.030000000000000002,0.13,0.029999999999999995,0.03,0.04748970518967323,0.03,0.03,0.029999999999999995,0.03,0.03,0.03,0.03,0.03,0.029999999999999992,0.0798815122881777,0.13,0.03,0.03,0.06262878252214937