LMT,RTX,NOC,CAT,DE,ITW,UNP,CSX,FDX,UPS,ETN,ROK,BA,HON,MMM,GE,NSC,PCAR,PH,TXT
0.03,0.03,0.029999999999999995,0.029999999999999992,0.11846557990935934,0.03,0.029999999999999995,0.030000000000000002,0.03,0.029999999999999995,0.13,0.03,0.03,0.029999999999999995,0.029999999999999995,0.12999999999999998,0.030000000000000002,0.04153442009064084,0.13,0.03