AAPL,MSFT,NVDA,AVGO,AMD,CRM,ORCL,INTU,TXN,QCOM,ACN,NOW,PANW,FTNT,INTC,ADBE,CSCO,ANET,LRCX,AMAT
0.03,0.03,0.13,0.13,0.029999999999999995,0.030000000000000002,0.09591868485041861,0.03,0.03,0.029999999999999995,0.03,0.03,0.06242013510131461,0.03166118004826657,0.03,0.03,0.03,0.13,0.030000000000000002,0.03