AMZN,TSLA,HD,NKE,MCD,LOW,SBUX,BKNG,EBAY,GM,F,CMG,RL,YUM,ULTA,CZR,TJX,ROST,MAR,AZO
0.07375491818028601,0.03,0.08624508181971456,0.03,0.13,0.03,0.03,0.029999999999999995,0.029999999999999995,0.03,0.03,0.029999999999999995,0.029999999999999995,0.13,0.030000000000000002,0.03,0.03,0.029999999999999995,0.029999999999999992,0.13