NEE,SO,DUK,AEP,EXC,XEL,SRE,WEC,ES,D,PEG,CMS,AWK,CNP,PNW,NI,DTE,FE,ED,ATO
0.04509711341864842,0.03,0.04343540924252129,0.030000000000000002,0.03,0.03,0.03,0.03,0.029999999999999992,0.12999999999999998,0.03,0.03,0.029999999999999995,0.029999999999999995,0.029999999999999995,0.03,0.03,0.10146747733883071,0.13,0.13