LIN,SHW,APD,ECL,NEM,FCX,NUE,MLM,VMC,ALB,MOS,CF,BALL,PKG,IFF,AVY,EMN,CTVA,IP,PPG
0.13,0.11035180298281394,0.10053454887784118,0.03,0.12999999999999998,0.029999999999999995,0.030000000000000002,0.03,0.029999999999999995,0.030000000000000002,0.029999999999999995,0.03915482564275924,0.029999999999999992,0.06995882249658551,0.029999999999999995,0.03,0.030000000000000002,0.03,0.03,0.029999999999999995