JNJ,UNH,PFE,ABBV,MRK,LLY,REGN,VRTX,MRNA,BIIB,AMGN,BMY,GILD,CI,MDT,TMO,ISRG,SYK,HCA,DHR
0.13,0.03,0.029999999999999995,0.03,0.13,0.03,0.03,0.06074333671381841,0.029999999999999995,0.03,0.03,0.072159948948601,0.12327002395421523,0.03,0.06096078113691406,0.032865909246451074,0.03,0.03,0.03,0.029999999999999995