GOOGL,META,NFLX,DIS,WBD,PARA,FOXA,CMCSA,VZ,T,TMUS,EA,TTWO,CHTR,OMC,GOOG,LYV,FOX,NWSA,MTCH
0.05847267612824873,0.13,0.10152732387175141,0.03,0.030000000000000002,0.03,0.03,0.029999999999999995,0.03,0.030000000000000002,0.13,0.03,0.029999999999999995,0.029999999999999995,0.029999999999999995,0.13,0.03,0.03,0.03,0.03