LMT,RTX,NOC,CAT,DE,ITW,UNP,CSX,FDX,UPS,ETN,ROK,BA,HON,MMM,GE,NSC,PCAR,PH,TXT
0.12870207318456786,0.029999999999999995,0.13,0.03,0.03,0.03,0.029999999999999995,0.03,0.03,0.13,0.03,0.029999999999999995,0.029999999999999995,0.03,0.08276206920729928,0.029999999999999995,0.03,0.07853585760813354,0.03,0.029999999999999995