LMT,RTX,NOC,CAT,DE,ITW,UNP,CSX,FDX,UPS,ETN,ROK,BA,HON,MMM,GE,NSC,PCAR,PH,TXT
0.1288972870735555,0.03,0.12999999999999998,0.029999999999999992,0.03,0.029999999999999995,0.029999999999999995,0.03,0.03,0.13,0.029999999999999995,0.029999999999999995,0.03,0.030000000000000002,0.07541212518490824,0.030000000000000002,0.03,0.08569058774153669,0.03,0.029999999999999995