GOOGL,META,NFLX,DIS,WBD,PARA,FOXA,CMCSA,VZ,T,TMUS,EA,TTWO,CHTR,OMC,GOOG,LYV,FOX,NWSA,MTCH
0.029999999999999995,0.029999999999999995,0.029999999999999995,0.03,0.030000000000000002,0.03,0.03,0.029999999999999995,0.13,0.0937764864758809,0.13,0.13,0.06622351352411929,0.029999999999999995,0.029999999999999995,0.030000000000000002,0.03,0.03,0.03,0.03