XOM,CVX,COP,EOG,SLB,OXY,VLO,MPC,PSX,HES,HAL,FANG,DVN,WMB,KMI,CTRA,APA,BKR,OKE,EQT
0.03,0.10200565856906978,0.03,0.03,0.03,0.03,0.03,0.03,0.03,0.03,0.03,0.03,0.03,0.13,0.13,0.13,0.03,0.03,0.03,0.05799434143092981