AAPL,MSFT,NVDA,AVGO,AMD,CRM,ORCL,INTU,TXN,QCOM,ACN,NOW,PANW,FTNT,INTC,ADBE,CSCO,ANET,LRCX,AMAT
0.03125766990931694,0.030000000000000002,0.13,0.13,0.029999999999999995,0.030000000000000002,0.029999999999999995,0.029999999999999995,0.030000000000000002,0.03,0.03,0.03,0.13,0.05404024984451606,0.030000000000000002,0.03,0.03,0.10470208024616734,0.03,0.03