XOM,CVX,COP,EOG,DVN,APA,KMI,WMB,OKE,VLO,PSX,MPC,SLB,HAL,BKR,OXY,HES,FANG,TRGP,CTRA
0.03,0.03,0.03,0.03,0.03,0.03,0.030221649159256417,0.13,0.03,0.03,0.03,0.12977835084074318,0.03,0.03,0.03,0.03,0.03,0.03,0.13,0.13