LIN,SHW,APD,ECL,NEM,FCX,NUE,MLM,VMC,ALB,MOS,CF,BALL,PKG,IFF,AVY,EMN,CTVA,IP,PPG
0.13,0.03,0.029999999999999995,0.03,0.03,0.13,0.055100411548288035,0.029999999999999995,0.03,0.03,0.03,0.09320594168858504,0.029999999999999995,0.13,0.029999999999999995,0.030000000000000002,0.03,0.041693646763127284,0.03,0.03