PG,KO,PEP,CL,MDLZ,KMB,COST,WMT,MO,PM,GIS,HSY,CLX,CPB,MKC,EL,CHD,K,BF.B,STZ
0.03,0.03,0.03,0.11324722445042888,0.03,0.03,0.04370638017907015,0.13,0.036822954405426406,0.029999999999999995,0.12111902804743231,0.03,0.029999999999999995,0.03,0.03,0.03,0.0747463195430706,0.09035809337457115,0.03,0.029999999999999995