GOOGL,META,NFLX,DIS,WBD,PARA,FOXA,CMCSA,VZ,T,TMUS,EA,TTWO,CHTR,OMC,GOOG,LYV,FOX,NWSA,MTCH
0.03667759185008029,0.12332240814991972,0.13,0.030000000000000002,0.03,0.03,0.03,0.029999999999999995,0.03,0.03,0.13,0.029999999999999995,0.03,0.029999999999999995,0.03,0.12999999999999998,0.03,0.029999999999999995,0.03,0.03