PLD,AMT,CCI,EQIX,DLR,SPG,O,AVB,EQR,MAA,VICI,WELL,ARE,EXR,PSA,INVH,HST,CPT,ESS,IRM
0.029999999999999995,0.029999999999999995,0.07177043946016058,0.13,0.04579379465401197,0.029999999999999995,0.13,0.04677580457766704,0.03,0.030000000000000002,0.08100077504033958,0.030000000000000002,0.029999999999999992,0.029999999999999992,0.03,0.029999999999999995,0.029999999999999995,0.10465918626782136,0.03,0.029999999999999995