UNP,HON,RTX,CAT,DE,LMT,GE,WM,NOC,EMR,PH,CSX,CARR,ROK,ITW,FAST,ODFL,XYL,CTAS,ETN
0.029999999999999995,0.03,0.029999999999999995,0.03,0.029999999999999995,0.12050180559051016,0.030000000000000002,0.13,0.13,0.029999999999999995,0.03,0.030000000000000002,0.062138640419007116,0.03,0.03,0.10735955399048268,0.029999999999999995,0.03,0.03,0.029999999999999995