JNJ,UNH,PFE,ABBV,MRK,LLY,REGN,VRTX,MRNA,BIIB,AMGN,BMY,GILD,CI,MDT,TMO,ISRG,SYK,HCA,DHR
0.029999999999999995,0.029999999999999995,0.030000000000000002,0.13,0.030000000000000002,0.13,0.1028699989864884,0.06401737599722575,0.09195694052815179,0.03,0.03,0.03,0.03,0.03,0.029999999999999995,0.03,0.029999999999999995,0.03,0.061155684488134555,0.03