PLD,AMT,CCI,EQIX,DLR,SPG,O,VTR,WELL,AVB,EQR,ESS,EXR,PSA,CBRE,SBAC,FRT,KIM,ARE,REG
0.029999999999999995,0.029999999999999995,0.05669511172183234,0.13,0.06289405604435824,0.029999999999999995,0.13,0.029999999999999995,0.030000000000000002,0.09499522749102712,0.03,0.03,0.029999999999999992,0.08560125366220826,0.03,0.04981435108057463,0.029999999999999995,0.030000000000000002,0.029999999999999992,0.029999999999999992