UNP,HON,RTX,CAT,DE,LMT,GE,WM,NOC,EMR,PH,CSX,CARR,ROK,ITW,FAST,ODFL,XYL,CTAS,ETN
0.029999999999999995,0.03,0.029999999999999995,0.034457588617660094,0.029999999999999995,0.03,0.12554241138234,0.03,0.029999999999999995,0.029999999999999995,0.03,0.030000000000000002,0.13,0.03,0.03,0.030000000000000002,0.12999999999999998,0.03,0.03,0.13