PG,KO,PEP,CL,MDLZ,KMB,COST,WMT,MO,PM,GIS,HSY,CLX,CPB,MKC,EL,CHD,K,BF.B,STZ
0.029999999999999995,0.03,0.07521032268995632,0.13,0.030000000000000002,0.03,0.05112344383322539,0.10632272069013134,0.08194608706753906,0.03769890855065185,0.030885421035206802,0.029999999999999995,0.03,0.03,0.03,0.030000000000000002,0.04137649514113516,0.11543660099215403,0.03,0.030000000000000002