UNP,HON,RTX,CAT,DE,LMT,GE,WM,NOC,EMR,PH,CSX,CARR,ROK,ITW,FAST,ODFL,XYL,CTAS,ETN
0.029999999999999995,0.029999999999999995,0.03,0.029999999999999992,0.03,0.03,0.12999999999999998,0.13,0.029999999999999995,0.029999999999999995,0.063410067937473,0.030000000000000002,0.09537682495246588,0.03,0.03,0.0312131071100608,0.03,0.03,0.13,0.029999999999999995