PLD,AMT,CCI,EQIX,DLR,SPG,O,AVB,EQR,MAA,VICI,WELL,ARE,EXR,PSA,INVH,HST,CPT,ESS,IRM
0.03,0.03,0.1184965664885479,0.13,0.12999999999999998,0.03,0.029999999999999995,0.03,0.03,0.03,0.03,0.030000000000000002,0.029999999999999995,0.03,0.13,0.029999999999999995,0.041503433511451665,0.029999999999999992,0.03,0.029999999999999992