PLD,AMT,CCI,EQIX,DLR,SPG,O,VTR,WELL,AVB,EQR,ESS,EXR,PSA,CBRE,SBAC,FRT,KIM,ARE,REG
0.029999999999999995,0.029999999999999995,0.03,0.03,0.029999999999999995,0.13,0.03,0.1251887231087798,0.13,0.03,0.03,0.03,0.029999999999999992,0.03481127689122088,0.13,0.03,0.029999999999999995,0.030000000000000002,0.029999999999999992,0.029999999999999992