LLY,MRK,PFE,BMY,JNJ,ABBV,VRTX,REGN,GILD,UNH,TMO,ABT,ISRG,SYK,DHR,EW,CI,MCK,HUM,MDT
0.030000000000000002,0.13,0.05203687253741297,0.0874659241863326,0.13,0.06085984044873538,0.05442225632963424,0.03,0.03,0.03,0.03,0.03026159769219267,0.029999999999999995,0.029999999999999995,0.03,0.030000000000000002,0.03,0.029999999999999995,0.029999999999999992,0.09495350880569156