JPM,BAC,WFC,MS,PNC,CB,PGR,AON,MMC,MET,BLK,SCHW,CME,SPGI,ICE,V,MA,GS,TROW,AXP
0.029999999999999995,0.03,0.03,0.13,0.029999999999999995,0.03,0.13,0.029999999999999995,0.12999999999999998,0.029999999999999995,0.03,0.03,0.03,0.03,0.05634141000437484,0.03,0.03,0.10365858999562454,0.03,0.03