LLY,MRK,PFE,BMY,JNJ,ABBV,VRTX,REGN,GILD,UNH,TMO,ABT,ISRG,SYK,DHR,EW,CI,MCK,HUM,MDT
0.03,0.13,0.04409475773903686,0.07416365629663026,0.13,0.03,0.061458817298601295,0.03,0.13,0.03,0.03801219140952335,0.03,0.03,0.03,0.029999999999999995,0.03,0.03,0.03,0.03,0.03227057725620807