GOOGL,META,NFLX,DIS,CMCSA,VZ,TMUS,CHTR,FOXA,PARA,WBD,EA,TTWO,LYV,MTCH,T,GOOG,OMC,IPG,NWSA
0.03666139587216937,0.12333860412783064,0.13,0.030000000000000002,0.029999999999999995,0.03,0.13,0.029999999999999995,0.03,0.03,0.03,0.029999999999999995,0.03,0.03,0.03,0.03,0.12999999999999998,0.03,0.03,0.03