LIN,SHW,APD,ECL,NEM,FCX,NUE,MLM,VMC,ALB,MOS,CF,BALL,PKG,IFF,AVY,EMN,CTVA,IP,PPG
0.08667292231641041,0.0733270776835902,0.13,0.03,0.13,0.03,0.03,0.03,0.03,0.030000000000000002,0.03,0.029999999999999995,0.029999999999999995,0.13,0.029999999999999995,0.03,0.03,0.03,0.030000000000000002,0.029999999999999992