UNP,HON,RTX,CAT,DE,LMT,GE,WM,NOC,EMR,PH,CSX,CARR,ROK,ITW,FAST,ODFL,XYL,CTAS,ETN
0.029999999999999995,0.029999999999999995,0.03,0.029999999999999992,0.03,0.13,0.029999999999999995,0.13,0.13,0.029999999999999995,0.03,0.05454429117209067,0.03,0.03556505943265027,0.03,0.09989064939525874,0.03,0.03,0.03,0.029999999999999995