XOM,CVX,COP,EOG,DVN,APA,KMI,WMB,OKE,VLO,PSX,MPC,SLB,HAL,BKR,OXY,HES,FANG,TRGP,CTRA
0.0979563518770537,0.13,0.03,0.03,0.03,0.03,0.13,0.13,0.03,0.03,0.03,0.03,0.03,0.03,0.03,0.03,0.03,0.03,0.03,0.06204364812294588