AMZN,HD,MCD,NKE,TSLA,SBUX,LOW,TJX,MGM,RCL,DHI,LEN,ULTA,ROST,YUM,AZO,ORLY,BKNG,MAR,POOL
0.07273659299574119,0.03,0.030000000000000002,0.029999999999999992,0.13,0.03,0.03,0.029999999999999992,0.03,0.030000000000000002,0.09038665858448452,0.030000000000000002,0.03,0.03,0.029999999999999995,0.1268767484197746,0.12999999999999998,0.029999999999999995,0.030000000000000002,0.029999999999999995