AAPL,MSFT,NVDA,AVGO,AMD,CRM,ADBE,ACN,INTU,ORCL,NOW,CDNS,SNPS,ANET,KLAC,MCHP,FTNT,PANW,TXN,CSCO
0.0502494828431696,0.06285439932386468,0.029999999999999995,0.029999999999999995,0.029999999999999995,0.030000000000000002,0.03,0.07689611783296547,0.03,0.12999999999999998,0.03,0.03,0.03,0.029999999999999995,0.03,0.03,0.03,0.03,0.13,0.12999999999999998