AAPL,MSFT,NVDA,AVGO,AMD,CRM,ORCL,INTU,TXN,QCOM,ACN,NOW,PANW,FTNT,INTC,ADBE,CSCO,ANET,LRCX,AMAT
0.03,0.08222534457974025,0.029999999999999995,0.030000000000000002,0.03,0.029999999999999995,0.13,0.030000000000000002,0.12999999999999998,0.03,0.07777465542026023,0.029999999999999995,0.030000000000000002,0.029999999999999995,0.029999999999999995,0.029999999999999995,0.13,0.03,0.029999999999999995,0.029999999999999995