XOM,CVX,COP,EOG,SLB,OXY,VLO,MPC,PSX,HES,HAL,FANG,DVN,WMB,KMI,CTRA,APA,BKR,OKE,EQT
0.03,0.03,0.03,0.03,0.03,0.03,0.03,0.13,0.03,0.03,0.03,0.03097642158944154,0.03,0.13,0.03,0.03,0.03,0.03,0.12902357841055806,0.13