AAPL,MSFT,NVDA,AVGO,AMD,CRM,ADBE,ACN,INTU,ORCL,NOW,CDNS,SNPS,ANET,KLAC,MCHP,FTNT,PANW,TXN,CSCO
0.03,0.03,0.13,0.13,0.029999999999999995,0.030000000000000002,0.03,0.03,0.03,0.10856151640331808,0.03,0.03,0.03,0.13,0.03,0.03,0.03,0.051438483596681725,0.03,0.03