AAPL,MSFT,NVDA,AVGO,AMD,CRM,ADBE,ACN,INTU,ORCL,NOW,CDNS,SNPS,ANET,KLAC,MCHP,FTNT,PANW,TXN,CSCO
0.03944620296830941,0.07478437615860546,0.029999999999999995,0.030000000000000002,0.03,0.029999999999999995,0.029999999999999995,0.07576942087308557,0.030000000000000002,0.13,0.029999999999999995,0.029999999999999995,0.03,0.03,0.03,0.03,0.029999999999999995,0.030000000000000002,0.12999999999999998,0.13