ETN,ITW,PH,ROK,EMR,GWW,DE,CAT,PWR,TT,CARR,WM,UNP,UPS,LMT,NOC,RTX,TDG,HWM,GE
0.029999999999999995,0.0611796679032797,0.03,0.039151652078390664,0.029999999999999995,0.03,0.03,0.029999999999999992,0.030000000000000002,0.029999999999999995,0.03,0.13,0.029999999999999995,0.08966868001832932,0.13,0.13,0.03,0.03,0.030000000000000002,0.029999999999999995