PG,KO,PEP,COST,WMT,MDLZ,CL,KMB,CHD,HSY,MKC,ADM,MNST,KDP,STZ,PM,KR,SYY,GIS,EL
0.029999999999999995,0.03,0.030000000000000002,0.03,0.08159173906812509,0.030000000000000002,0.10408101585257566,0.03,0.08416396728927096,0.029999999999999995,0.03,0.06719849537127148,0.03,0.12151992177033029,0.030000000000000002,0.05326672204782143,0.050902377245319985,0.03,0.07727576135528508,0.030000000000000002