PG,KO,PEP,COST,WMT,MDLZ,CL,KMB,CHD,HSY,MKC,ADM,MNST,KDP,STZ,PM,KR,SYY,GIS,EL
0.029999999999999995,0.03,0.030000000000000002,0.13,0.12999999999999917,0.030000000000000002,0.03,0.03,0.03,0.029999999999999995,0.03,0.029999999999999995,0.030000000000000776,0.03,0.030000000000000002,0.12999999999999998,0.13,0.03,0.029999999999999995,0.030000000000000002