PG,KO,PEP,COST,WMT,MDLZ,CL,KMB,CHD,HSY,MKC,ADM,MNST,KDP,STZ,PM,KR,SYY,GIS,EL
0.03,0.03,0.03,0.13,0.13,0.03,0.03,0.03,0.04469472916799467,0.03,0.03,0.03,0.03,0.029999999999999992,0.029999999999999995,0.11530527083200473,0.13,0.029999999999999995,0.03,0.03