LIN,APD,SHW,ECL,PPG,MLM,VMC,DD,LYB,DOW,CF,MOS,CTVA,FCX,NEM,ALB,NUE,STLD,BALL,PKG
0.13,0.10440530624022018,0.1267495266586643,0.03,0.029999999999999995,0.03,0.029999999999999995,0.029999999999999992,0.03,0.03,0.03,0.029999999999999995,0.03,0.029999999999999995,0.12999999999999998,0.030000000000000002,0.030000000000000002,0.03,0.029999999999999992,0.058845167101115384