XOM,CVX,COP,EOG,OXY,FANG,DVN,APA,CTRA,HES,SLB,HAL,BKR,WMB,OKE,KMI,TRGP,VLO,MPC,PSX
0.09795635187705336,0.13,0.03,0.03,0.03,0.03,0.03,0.03,0.06204364812294623,0.03,0.03,0.03,0.03,0.13,0.03,0.13,0.03,0.03,0.03,0.03