SPGI,MCO,MSCI,ICE,CME,CBOE,BLK,SCHW,PGR,CB,MMC,AJG,JPM,MS,PNC,USB,BK,GS,BAC,TRV
0.03,0.03,0.11735919010387517,0.030000000000000002,0.03,0.12951579723681972,0.03,0.03,0.13,0.03,0.029999999999999992,0.12999999999999998,0.029999999999999995,0.04312501265930453,0.029999999999999995,0.03,0.03,0.03,0.03,0.030000000000000002