EQIX,DLR,AMT,CCI,PLD,AVB,EQR,ESS,MAA,UDR,INVH,WELL,VTR,SPG,REG,KIM,O,VICI,HST,WY
0.13,0.12999999999999998,0.03,0.03,0.03,0.03,0.03,0.03,0.03,0.03,0.029999999999999995,0.13,0.029999999999999995,0.1299712981772396,0.029999999999999995,0.03,0.029999999999999995,0.030028701822760313,0.03,0.029999999999999995