NEE,CEG,SRE,AEP,SO,DUK,EXC,XEL,WEC,DTE,CMS,LNT,ETR,NRG,AES,PEG,ED,AWK,ATO,CNP
0.03,0.13,0.030000000000000002,0.029999999999999995,0.07733459254355443,0.029999999999999995,0.029999999999999995,0.03,0.03,0.029999999999999995,0.03,0.030000000000000002,0.03,0.13,0.03,0.13,0.029999999999999995,0.03,0.0826654074564452,0.03