LLY,UNH,TMO,DHR,ABT,SYK,REGN,VRTX,BSX,ISRG,IDXX,EW,IQV,MRK,ABBV,MCK,ELV,COR,HCA,GILD
0.03,0.03,0.033303158395833914,0.029999999999999995,0.03507834093812959,0.03,0.03368561543635571,0.09619063996767555,0.029999999999999995,0.03,0.030000000000000002,0.03,0.03,0.13,0.06018219230927432,0.03,0.029999999999999995,0.12156005295273045,0.03,0.13