GOOGL,META,NFLX,TMUS,CMCSA,DIS,EA,TTWO,LYV,MTCH,OMC,IPG,VZ,T,WBD,PARA,FOXA,NWSA,CHTR,GOOG
0.036661395872168746,0.12333860412783115,0.13,0.13,0.029999999999999995,0.030000000000000002,0.029999999999999995,0.03,0.03,0.03,0.03,0.03,0.03,0.03,0.03,0.03,0.03,0.03,0.029999999999999995,0.12999999999999998