NEE,CEG,SRE,AEP,SO,DUK,EXC,XEL,WEC,DTE,CMS,LNT,ETR,NRG,AES,PEG,ED,AWK,ATO,CNP
0.03,0.13,0.029999999999999995,0.03,0.13,0.03141809800179942,0.03,0.030000000000000002,0.029999999999999995,0.03,0.03,0.03,0.029999999999999995,0.13,0.029999999999999995,0.03,0.029999999999999995,0.029999999999999995,0.029999999999999995,0.12858190199819997