GOOGL,META,NFLX,TMUS,CMCSA,DIS,EA,TTWO,LYV,MTCH,OMC,IPG,VZ,T,WBD,PARA,FOXA,NWSA,CHTR,GOOG
0.03,0.029999999999999995,0.03,0.10912103874248841,0.03,0.029999999999999992,0.13,0.044822805885018774,0.03,0.030000000000000002,0.03,0.03,0.13,0.11942678383102154,0.03,0.03,0.046629371541471176,0.029999999999999995,0.030000000000000002,0.030000000000000002