ETN,ITW,PH,ROK,EMR,GWW,DE,CAT,PWR,TT,CARR,WM,UNP,UPS,LMT,NOC,RTX,TDG,HWM,GE
0.0729000487671151,0.029999999999999995,0.03,0.029999999999999992,0.029999999999999992,0.13,0.029999999999999995,0.03,0.13,0.07136395021933203,0.13,0.045736001013552546,0.03,0.03,0.030000000000000002,0.03,0.029999999999999995,0.029999999999999995,0.030000000000000002,0.029999999999999995