ETN,ITW,PH,ROK,EMR,GWW,DE,CAT,PWR,TT,CARR,WM,UNP,UPS,LMT,NOC,RTX,TDG,HWM,GE
0.029999999999999995,0.029999999999999995,0.03,0.029999999999999992,0.029999999999999992,0.030000000000000002,0.029999999999999995,0.03,0.03,0.03,0.05721383115241394,0.13,0.03,0.13,0.10278616884758573,0.13,0.029999999999999995,0.029999999999999995,0.030000000000000002,0.029999999999999995