SPGI,MCO,MSCI,ICE,CME,CBOE,BLK,SCHW,PGR,CB,MMC,AJG,JPM,MS,PNC,USB,BK,GS,BAC,TRV
0.03,0.03,0.03,0.03,0.13,0.13,0.03,0.03,0.13,0.03,0.12999999999999998,0.030000000000000002,0.03,0.03,0.029999999999999992,0.030000000000000002,0.03,0.03,0.029999999999999995,0.029999999999999995