LIN,APD,SHW,ECL,PPG,MLM,VMC,DD,LYB,DOW,CF,MOS,CTVA,FCX,NEM,ALB,NUE,STLD,BALL,PKG
0.09502090184084676,0.13,0.07942314569212834,0.03,0.03,0.029999999999999995,0.03,0.029999999999999992,0.03,0.03,0.029999999999999995,0.03,0.030000000000000002,0.030000000000000002,0.11555595246702537,0.03,0.03,0.030000000000000002,0.029999999999999995,0.13