LIN,APD,SHW,ECL,PPG,MLM,VMC,DD,LYB,DOW,CF,MOS,CTVA,FCX,NEM,ALB,NUE,STLD,BALL,PKG
0.13,0.029999999999999995,0.03,0.03,0.03,0.029999999999999995,0.03,0.029999999999999992,0.03,0.03,0.055737088449880554,0.03,0.030000000000000002,0.10426291155011984,0.03,0.03,0.03,0.13,0.029999999999999995,0.13