LIN,APD,SHW,ECL,PPG,MLM,VMC,DD,LYB,DOW,CF,MOS,CTVA,FCX,NEM,ALB,NUE,STLD,BALL,PKG
0.13,0.029999999999999995,0.0829052129559896,0.03,0.029999999999999995,0.03,0.029999999999999995,0.029999999999999992,0.03,0.03,0.08703980547176669,0.029999999999999995,0.03,0.12005498157224352,0.029999999999999992,0.030000000000000002,0.030000000000000002,0.13,0.029999999999999992,0.029999999999999995