LLY,UNH,TMO,DHR,ABT,SYK,REGN,VRTX,BSX,ISRG,IDXX,EW,IQV,MRK,ABBV,MCK,ELV,COR,HCA,GILD
0.13,0.03,0.03,0.029999999999999995,0.03,0.03,0.03,0.03,0.029999999999999995,0.03,0.030000000000000002,0.03,0.03,0.03,0.12295784626957054,0.13,0.029999999999999995,0.13,0.03,0.037042153730429316