EQIX,DLR,AMT,CCI,PLD,AVB,EQR,ESS,MAA,UDR,INVH,WELL,VTR,SPG,REG,KIM,O,VICI,HST,WY
0.0306449127207251,0.029999999999999995,0.029999999999999995,0.03,0.029999999999999995,0.03,0.03,0.03,0.030000000000000002,0.029999999999999995,0.029999999999999995,0.13,0.12935508727927558,0.13,0.029999999999999992,0.030000000000000002,0.03,0.13,0.029999999999999995,0.030000000000000002