AMZN,TSLA,HD,LOW,MCD,NKE,LULU,TJX,ROST,ULTA,ORLY,AZO,BKNG,MAR,HLT,CMG,SBUX,DPZ,DHI,LEN
0.13,0.03,0.030000000000000002,0.03,0.13,0.029999999999999995,0.029999999999999995,0.03,0.03,0.03,0.13000000000000034,0.029999999999999995,0.03,0.03,0.03,0.03,0.030000000000000002,0.13,0.03,0.03