LLY,UNH,TMO,DHR,ABT,SYK,REGN,VRTX,BSX,ISRG,IDXX,EW,IQV,MRK,ABBV,MCK,ELV,COR,HCA,GILD
0.13,0.03,0.03,0.03,0.03,0.029999999999999995,0.03,0.03,0.03266875167036658,0.029999999999999995,0.03,0.030000000000000002,0.029999999999999995,0.029999999999999995,0.13,0.13,0.03,0.1273312483296337,0.029999999999999995,0.03