AMZN,TSLA,HD,LOW,MCD,NKE,LULU,TJX,ROST,ULTA,ORLY,AZO,BKNG,MAR,HLT,CMG,SBUX,DPZ,DHI,LEN
0.057756202105973396,0.13,0.030000000000000002,0.03,0.03,0.029999999999999995,0.029999999999999995,0.03,0.03,0.03,0.13,0.10224379789402689,0.03,0.03,0.03,0.13,0.030000000000000002,0.03,0.03,0.03