AMZN,TSLA,HD,LOW,MCD,NKE,LULU,TJX,ROST,ULTA,ORLY,AZO,BKNG,MAR,HLT,CMG,SBUX,DPZ,DHI,LEN
0.03,0.10484601244504207,0.03,0.03,0.03,0.03,0.03,0.03,0.029999999999999995,0.030000000000000002,0.13,0.13,0.029999999999999995,0.029999999999999992,0.0679877760618717,0.08409755690778108,0.03,0.029999999999999995,0.06306865458530574,0.03