NEE,CEG,SRE,AEP,SO,DUK,EXC,XEL,WEC,DTE,CMS,LNT,ETR,NRG,AES,PEG,ED,AWK,ATO,CNP
0.03,0.03,0.029999999999999995,0.03,0.1132556326757778,0.13,0.03,0.035461953469087974,0.029999999999999995,0.03,0.03,0.03,0.029999999999999995,0.07696195649849608,0.029999999999999995,0.03,0.10925323804840521,0.029999999999999995,0.1150672193082323,0.03