LLY,UNH,TMO,DHR,ABT,SYK,REGN,VRTX,BSX,ISRG,IDXX,EW,IQV,MRK,ABBV,MCK,ELV,COR,HCA,GILD
0.030000000000000002,0.03632378253363959,0.03,0.03,0.07081936080585757,0.029999999999999995,0.03,0.07479996353789801,0.03253394138060695,0.029999999999999995,0.03,0.030000000000000002,0.029999999999999995,0.13,0.13,0.029999999999999995,0.03,0.09346509589907036,0.029999999999999995,0.07205785584292788