ETN,ITW,PH,ROK,EMR,GWW,DE,CAT,PWR,TT,CARR,WM,UNP,UPS,LMT,NOC,RTX,TDG,HWM,GE
0.029999999999999995,0.03,0.03,0.03,0.029999999999999995,0.08400358193784636,0.03,0.029999999999999992,0.13,0.029999999999999995,0.03,0.13,0.029999999999999995,0.029999999999999995,0.03,0.029999999999999995,0.03,0.03,0.13000000000000003,0.07599641806215325