GOOGL,META,NFLX,TMUS,CMCSA,DIS,EA,TTWO,LYV,MTCH,OMC,IPG,VZ,T,WBD,PARA,FOXA,NWSA,CHTR,GOOG
0.029999999999999995,0.030000000000000002,0.030000000000000002,0.12919584531808906,0.029999999999999995,0.030000000000000002,0.13,0.06362091636222345,0.03,0.03,0.03,0.03,0.13,0.09718323831968743,0.03,0.03,0.03,0.03,0.029999999999999995,0.029999999999999995