EQIX,DLR,AMT,CCI,PLD,AVB,EQR,ESS,MAA,UDR,INVH,WELL,VTR,SPG,REG,KIM,O,VICI,HST,WY
0.13,0.12999999999999998,0.12295857153383817,0.13,0.03,0.03,0.03,0.03,0.03,0.03,0.029999999999999995,0.030000000000000002,0.029999999999999995,0.03,0.029999999999999995,0.03,0.029999999999999995,0.03,0.03704142846616174,0.029999999999999995