XOM,CVX,COP,EOG,OXY,FANG,DVN,APA,CTRA,HES,SLB,HAL,BKR,WMB,OKE,KMI,TRGP,VLO,MPC,PSX
0.03,0.03,0.03,0.03,0.03,0.03,0.03,0.03,0.13,0.03,0.03,0.03,0.03,0.13,0.03,0.030221649159256507,0.13,0.03,0.12977835084074307,0.03