AMZN,TSLA,HD,LOW,MCD,NKE,LULU,TJX,ROST,ULTA,ORLY,AZO,BKNG,MAR,HLT,CMG,SBUX,DPZ,DHI,LEN
0.04688007045589052,0.03,0.03,0.03,0.13,0.03,0.03,0.042794760775130836,0.029999999999999995,0.030000000000000002,0.13,0.12165578806557338,0.029999999999999995,0.029999999999999992,0.03,0.029999999999999995,0.041426967425025926,0.09724241327837986,0.029999999999999995,0.03