MSFT,NVDA,AVGO,AAPL,ORCL,ADBE,CRM,NOW,INTU,SNPS,CDNS,AMD,QCOM,TXN,AMAT,LRCX,KLAC,ANET,PANW,CRWD
0.03,0.13,0.13,0.03,0.10333077588638398,0.03,0.030000000000000002,0.03,0.03,0.03,0.03,0.029999999999999995,0.029999999999999995,0.03,0.03,0.030000000000000002,0.03,0.13,0.030268213359331466,0.05640101075428425