MSFT,NVDA,AVGO,AAPL,ORCL,ADBE,CRM,NOW,INTU,SNPS,CDNS,AMD,QCOM,TXN,AMAT,LRCX,KLAC,ANET,PANW,CRWD
0.030000000000000002,0.13,0.13,0.05958606468959302,0.029999999999999995,0.03,0.030000000000000002,0.03,0.029999999999999995,0.03,0.029999999999999995,0.029999999999999995,0.03,0.030000000000000002,0.03,0.03,0.030000000000000002,0.100413935310407,0.13,0.029999999999999995