MSFT,NVDA,AVGO,AAPL,ORCL,ADBE,CRM,NOW,INTU,SNPS,CDNS,AMD,QCOM,TXN,AMAT,LRCX,KLAC,ANET,PANW,CRWD
0.12999999999999998,0.029999999999999995,0.029999999999999995,0.1299999999999999,0.12999999999999998,0.03,0.030000000000000002,0.03,0.03,0.03,0.03,0.029999999999999995,0.029999999999999995,0.13,0.03,0.030000000000000002,0.03,0.029999999999999995,0.03,0.03