EQIX,DLR,AMT,CCI,PLD,AVB,EQR,ESS,MAA,UDR,INVH,WELL,VTR,SPG,REG,KIM,O,VICI,HST,WY
0.13,0.07091942565014497,0.029999999999999995,0.11267300388315474,0.029999999999999995,0.04788722658578938,0.03,0.03,0.04758251581580483,0.029999999999999995,0.04806497067996754,0.030000000000000002,0.029999999999999995,0.029999999999999995,0.029999999999999992,0.030000000000000002,0.13,0.05287285738513905,0.029999999999999995,0.030000000000000002