GOOGL,META,NFLX,TMUS,CMCSA,DIS,EA,TTWO,LYV,MTCH,OMC,IPG,VZ,T,WBD,PARA,FOXA,NWSA,CHTR,GOOG
0.03,0.13,0.03,0.13,0.03,0.029999999999999992,0.03,0.03,0.074262752572171,0.030000000000000002,0.03,0.03,0.03,0.03266329518378278,0.03,0.03,0.1168122060768089,0.03827156751990179,0.030000000000000002,0.0879901786473354