PG,KO,PEP,COST,WMT,MDLZ,CL,KMB,CHD,HSY,MKC,ADM,MNST,KDP,STZ,PM,KR,SYY,GIS,EL
0.03,0.03,0.03,0.03,0.08309472371155228,0.03,0.06989563402532174,0.03,0.07660208278262713,0.03,0.03,0.03713401341280738,0.03,0.12999999999999998,0.029999999999999995,0.029999999999999995,0.083273546067691,0.029999999999999995,0.13,0.03