SPGI,MCO,MSCI,ICE,CME,CBOE,BLK,SCHW,PGR,CB,MMC,AJG,JPM,MS,PNC,USB,BK,GS,BAC,TRV
0.03,0.03,0.029999999999999995,0.1265486787644815,0.13,0.13,0.03,0.03,0.13,0.03,0.03345132123551786,0.03,0.029999999999999995,0.03,0.029999999999999995,0.03,0.03,0.03,0.03,0.030000000000000002