XOM,CVX,COP,EOG,OXY,FANG,DVN,APA,CTRA,HES,SLB,HAL,BKR,WMB,OKE,KMI,TRGP,VLO,MPC,PSX
0.03,0.03,0.03,0.03,0.03,0.03144244534852721,0.03,0.03,0.03,0.03,0.03,0.03,0.03,0.13,0.12855755465147237,0.03,0.13,0.03,0.13,0.03