AMZN,TSLA,HD,MCD,NKE,SBUX,LOW,BKNG,GM,F,TJX,ROST,CMG,AZO,BBY,DHI,ORLY,YUM,HAS,LULU
0.13,0.03,0.030000000000000002,0.13,0.029999999999999995,0.06926114266864684,0.03,0.03,0.030000000000000002,0.029999999999999995,0.03,0.03,0.03,0.09073885733135346,0.03,0.03,0.13,0.029999999999999992,0.030000000000000002,0.029999999999999995