AAPL,MSFT,NVDA,AMD,CSCO,ORCL,ADBE,CRM,INTC,IBM,QCOM,TXN,NOW,PANW,SNPS,FTNT,AVGO,CRWD,INTU,HPE
0.03,0.0503822335231922,0.029999999999999995,0.029999999999999995,0.12999999999999998,0.12574913615516817,0.03,0.030000000000000002,0.03,0.13,0.029999999999999995,0.11386863032163942,0.03,0.03,0.03,0.03,0.029999999999999995,0.03,0.03,0.03