XOM,CVX,COP,EOG,SLB,MPC,PSX,VLO,HES,OXY,DVN,FANG,APA,HAL,BKR,WMB,OKE,KMI,EQT,CTRA
0.03,0.03,0.03,0.03,0.03,0.13,0.03,0.03,0.03,0.03,0.03,0.030976421589441888,0.03,0.03,0.03,0.13,0.1290235784105577,0.03,0.13,0.03