LIN,APD,SHW,ECL,DD,DOW,FCX,NEM,NUE,VMC,MLM,ALB,MOS,CF,IP,BALL,PPG,LYB,STLD,AMCR
0.13,0.029999999999999995,0.0653594584979208,0.03,0.029999999999999992,0.03,0.13,0.03,0.03,0.03,0.029999999999999995,0.03,0.03,0.09464054150207958,0.03,0.029999999999999995,0.03,0.03,0.13,0.03