DOW,DD,LIN,APD,ECL,LYB,ALB,SHW,PPG,NUE,STLD,FCX,NEM,MLM,VMC,IP,PKG,EMN,MOS,AVY
0.03,0.029999999999999992,0.13,0.029999999999999995,0.03,0.03,0.03,0.030236188313979413,0.03,0.03,0.13,0.129763811686021,0.03,0.029999999999999995,0.03,0.03,0.13,0.03,0.03,0.030000000000000002