NEE,DUK,SO,D,AEP,EXC,XEL,ED,WEC,ES,PEG,ETR,FE,PPL,CMS,LNT,NI,AES,CNP,ATO
0.029999999999999995,0.13,0.13,0.03335140954285063,0.03,0.03,0.029999999999999995,0.0968483879433653,0.03807547992468756,0.029999999999999995,0.032297920943303284,0.029999999999999995,0.046385579857411,0.03,0.03,0.03,0.030000000000000002,0.03,0.03304122178838253,0.12999999999999998