PG,KO,PEP,WMT,COST,MDLZ,CL,KMB,GIS,K,MKC,HSY,CLX,MO,PM,SYY,ADM,EL,TSN,HRL
0.03,0.03,0.03,0.12175891130944726,0.04458481682072517,0.03,0.09263698817184775,0.03,0.12956444617574767,0.03,0.03,0.029999999999999995,0.037631401060416333,0.03,0.029999999999999995,0.030000000000000002,0.053823436461815345,0.029999999999999992,0.029999999999999995,0.12999999999999998