PG,KO,PEP,WMT,COST,CL,KMB,GIS,K,MDLZ,ADM,SYY,HRL,MKC,CHD,CLX,TSN,SJM,KHC,EL
0.029999999999999995,0.03,0.030000000000000002,0.13,0.13,0.03,0.03,0.029999999999999995,0.10749474503708921,0.030000000000000002,0.0847109735402019,0.03,0.03,0.03,0.09779428142270874,0.03,0.03,0.03,0.030000000000000002,0.030000000000000002