GE,MMM,HON,UNP,UPS,BA,CAT,LMT,RTX,DE,EMR,GD,NOC,FAST,PH,ROK,CSX,FDX,ETN,CMI
0.12999999999999998,0.029999999999999995,0.029999999999999995,0.029999999999999995,0.029999999999999995,0.03,0.029999999999999992,0.03,0.03,0.05683973672496857,0.029999999999999995,0.029999999999999995,0.029999999999999995,0.12528201285749258,0.13,0.03,0.030000000000000002,0.03,0.10787825041753925,0.030000000000000002