META,GOOGL,NFLX,DIS,CMCSA,TMUS,CHTR,WBD,PARA,LYV,VZ,T,FOXA,FOX,OMC,IPG,GOOG,NWSA,EA,TTWO
0.13,0.03,0.03,0.029999999999999992,0.03,0.13,0.030000000000000002,0.03,0.03,0.06711780062145414,0.03,0.049724668062170595,0.09132573568062252,0.029999999999999995,0.03,0.03,0.0949708749863216,0.03762434033099419,0.03,0.0392365803184367