CAT,DE,UNP,CSX,BA,LMT,RTX,HON,GE,MMM,EMR,ETN,ITW,PH,FDX,UPS,ROK,NOC,NSC,GD
0.03,0.03,0.029999999999999995,0.03315950764874857,0.029999999999999995,0.13,0.029999999999999995,0.03,0.029999999999999995,0.12684049235125208,0.03,0.03,0.03,0.03,0.03,0.13,0.029999999999999995,0.13,0.03,0.03