JPM,BAC,WFC,C,GS,MS,V,MA,BLK,BX,SCHW,AIG,PGR,CB,MET,PRU,STT,AXP,COF,BRK.B
0.029999999999999995,0.03,0.03,0.030000000000000002,0.03,0.03,0.13,0.06499418539829145,0.03,0.03,0.03,0.029999999999999995,0.13,0.09500581460170833,0.029999999999999995,0.029999999999999995,0.03,0.03,0.03,0.13