NEE,DUK,SO,AEP,EXC,D,XEL,WEC,ED,PEG,AEE,FE,CMS,LNT,NI,CNP,ETR,PCG,EIX,ES
0.03744508931840518,0.03383417662185199,0.03,0.030000000000000002,0.03,0.12999999999999998,0.03489520656557242,0.03,0.13,0.03,0.13,0.11382552749417085,0.03,0.030000000000000002,0.03,0.029999999999999995,0.03,0.03,0.03,0.029999999999999992