PG,KO,PEP,WMT,COST,CL,KMB,GIS,K,MDLZ,ADM,SYY,HRL,MKC,CHD,CLX,TSN,SJM,KHC,EL
0.03,0.03,0.03,0.11164528826645041,0.03,0.0885508848435497,0.03,0.07454690248336455,0.05962085613432211,0.03,0.07230479375727561,0.029999999999999995,0.13,0.03,0.07190959466569612,0.029999999999999995,0.031421679849340946,0.03,0.029999999999999995,0.03