XOM,CVX,COP,EOG,SLB,MPC,PSX,VLO,HES,OXY,DVN,FANG,APA,HAL,BKR,WMB,OKE,KMI,EQT,CTRA
0.04674424438606385,0.08360896024178249,0.029999999999999992,0.03,0.030000000000000002,0.03,0.030000000000000002,0.029999999999999995,0.03,0.03,0.030000000000000002,0.029999999999999995,0.03,0.02999999999999999,0.029999999999999995,0.12999999999999998,0.03,0.13,0.05964679537215385,0.13