PG,KO,PEP,WMT,COST,MDLZ,CL,KMB,GIS,K,MKC,HSY,CLX,MO,PM,SYY,ADM,EL,TSN,HRL
0.029999999999999995,0.03,0.030000000000000002,0.13,0.13,0.030000000000000002,0.03,0.03,0.029999999999999995,0.030000000000000002,0.03,0.029999999999999995,0.03,0.12999999999999978,0.12999999999999998,0.03,0.029999999999999995,0.030000000000000002,0.03,0.03