JNJ,PFE,LLY,MRK,ABBV,BMY,AMGN,GILD,REGN,VRTX,UNH,CI,CVS,MDT,SYK,ISRG,BDX,BIIB,HCA,BSX
0.030000000000000002,0.029999999999999995,0.13,0.029999999999999995,0.13,0.03,0.029999999999999995,0.03,0.03,0.03,0.03,0.03,0.029999999999999992,0.03,0.029999999999999995,0.042591813359258705,0.029999999999999995,0.03,0.11883392761657244,0.12857425902416814