CAT,DE,UNP,CSX,BA,LMT,RTX,HON,GE,MMM,EMR,ETN,ITW,PH,FDX,UPS,ROK,NOC,NSC,GD
0.12999999999999998,0.03,0.029999999999999995,0.03,0.03,0.03,0.03,0.030000000000000002,0.13000000000000003,0.03,0.029999999999999992,0.13,0.029999999999999995,0.12999999999999967,0.03,0.029999999999999995,0.029999999999999995,0.030000000000000727,0.03,0.03