PG,KO,PEP,WMT,COST,MDLZ,CL,KMB,GIS,K,MKC,HSY,CLX,MO,PM,SYY,ADM,EL,TSN,HRL
0.03,0.03,0.03,0.12338578008450221,0.03541803104762607,0.03,0.08611139443462218,0.03,0.11344741109064922,0.04723042310450788,0.03,0.03,0.04808548388134763,0.029999999999999995,0.029999999999999995,0.029999999999999995,0.05256533188885074,0.03,0.03375614446789367,0.13