XOM,CVX,COP,EOG,SLB,MPC,PSX,VLO,HES,OXY,DVN,FANG,APA,HAL,BKR,WMB,OKE,KMI,EQT,CTRA
0.03,0.03,0.03,0.03,0.03,0.13,0.03,0.03,0.03,0.03,0.03,0.03,0.03,0.03,0.03,0.13,0.03,0.03076021177986217,0.13,0.12923978822013743