JNJ,PFE,MRK,ABBV,UNH,LLY,TMO,ABT,MDT,AMGN,GILD,BIIB,REGN,ISRG,SYK,BSX,ZTS,MCK,BMY,VRTX
0.13,0.03991121330800645,0.13,0.04597488602857202,0.029999999999999995,0.03,0.05627598347248016,0.03,0.030574856497603584,0.03,0.13,0.03,0.030000000000000002,0.029999999999999995,0.03,0.029999999999999995,0.03,0.029999999999999992,0.030997723241662372,0.07626533745167575