DOW,DD,LIN,APD,ECL,LYB,ALB,SHW,PPG,NUE,STLD,FCX,NEM,MLM,VMC,IP,PKG,EMN,MOS,AVY
0.03,0.029999999999999992,0.13,0.11249611322163793,0.03,0.03,0.030000000000000002,0.12713071293687125,0.029999999999999995,0.030000000000000002,0.03,0.029999999999999995,0.12999999999999998,0.03,0.029999999999999995,0.03,0.05037317384149067,0.030000000000000002,0.029999999999999995,0.03