NEE,DUK,SO,D,AEP,EXC,XEL,ED,WEC,ES,PEG,ETR,FE,PPL,CMS,LNT,NI,AES,CNP,ATO
0.03809095198313643,0.050975127559556195,0.03,0.12999999999999998,0.030000000000000002,0.03,0.03,0.13,0.03,0.029999999999999992,0.03,0.03,0.1009339204573078,0.03,0.03,0.030000000000000002,0.03,0.029999999999999995,0.029999999999999995,0.13