JNJ,PFE,LLY,MRK,ABBV,BMY,AMGN,GILD,REGN,VRTX,UNH,CI,CVS,MDT,SYK,ISRG,BDX,BIIB,HCA,BSX
0.13,0.030000000000000002,0.03,0.13,0.03,0.03,0.03,0.10622456375454842,0.030000000000000002,0.05377543624545211,0.029999999999999995,0.03,0.03,0.029999999999999995,0.03,0.029999999999999995,0.13,0.03,0.03,0.029999999999999995