NEE,DUK,SO,D,AEP,EXC,XEL,ED,WEC,ES,PEG,ETR,FE,PPL,CMS,LNT,NI,AES,CNP,ATO
0.029999999999999995,0.03,0.13,0.030000000000000002,0.03,0.1299999999999929,0.029999999999999995,0.030000000000000002,0.029999999999999995,0.029999999999999995,0.12999999999999998,0.029999999999999995,0.029999999999999995,0.03,0.03,0.03,0.030000000000007503,0.03,0.13000000000000003,0.029999999999999995