AMZN,TSLA,HD,MCD,NKE,SBUX,LOW,BKNG,GM,F,TJX,ROST,CMG,AZO,BBY,DHI,ORLY,YUM,HAS,LULU
0.03,0.11022461561957816,0.03,0.03,0.03,0.03,0.03,0.047410808837662105,0.03,0.03,0.03,0.029999999999999995,0.08720036213142403,0.13,0.029999999999999995,0.07516421341133632,0.13,0.03,0.03,0.03