AMT,PLD,EQIX,SPG,PSA,O,DLR,AVB,EQR,WELL,BXP,WY,ARE,EXR,INVH,MAA,UDR,KIM,CCI,ESS
0.029999999999999995,0.029999999999999995,0.03,0.13,0.13,0.03,0.029999999999999995,0.03,0.03,0.13,0.030000000000000002,0.030415346482813365,0.029999999999999992,0.029999999999999992,0.029999999999999995,0.030000000000000002,0.029999999999999995,0.1295846535171873,0.03,0.03