JPM,BAC,WFC,C,GS,MS,V,MA,BLK,BX,SCHW,AIG,PGR,CB,MET,PRU,STT,AXP,COF,BRK.B
0.03,0.029999999999999995,0.030000000000000002,0.03,0.03,0.03,0.13,0.07816647354552743,0.03,0.03,0.03,0.029999999999999995,0.13,0.08183352645447275,0.03,0.029999999999999992,0.029999999999999995,0.030000000000000002,0.030000000000000002,0.13