NEE,DUK,SO,D,AEP,EXC,XEL,ED,WEC,ES,PEG,ETR,FE,PPL,CMS,LNT,NI,AES,CNP,ATO
0.037630467576033694,0.029999999999999995,0.029999999999999995,0.13,0.030000000000000002,0.030000000000000002,0.047975608589824185,0.13,0.03,0.029999999999999992,0.029999999999999995,0.030000000000000002,0.10439392383414163,0.030000000000000002,0.03,0.030000000000000002,0.029999999999999995,0.03,0.03,0.13