LIN,APD,SHW,ECL,DD,DOW,FCX,NEM,NUE,VMC,MLM,ALB,MOS,CF,IP,BALL,PPG,LYB,STLD,AMCR
0.08997122039073577,0.13,0.09763692229739436,0.03,0.029999999999999995,0.03,0.03,0.12273816717209664,0.03,0.03,0.03,0.030000000000000002,0.03,0.029999999999999995,0.030000000000000002,0.029999999999999995,0.029999999999999992,0.03,0.030000000000000002,0.10965369013977379