PG,KO,PEP,WMT,COST,CL,KMB,GIS,K,MDLZ,ADM,SYY,HRL,MKC,CHD,CLX,TSN,SJM,KHC,EL
0.03,0.03,0.03,0.10751611962729342,0.038187980559433794,0.1000983303585872,0.03,0.08311916100948467,0.034864096508559775,0.03,0.07108413415823199,0.030000000000000002,0.12999999999999998,0.03,0.05897833938241823,0.029999999999999995,0.029999999999999995,0.0461518383959905,0.03,0.029999999999999992