META,GOOGL,NFLX,EA,TTWO,MTCH,T,VZ,CMCSA,CHTR,DIS,FOXA,PARA,WBD,TMUS,OMC,IPG,LYV,NWSA,GOOG
0.13,0.04833311847871816,0.11166688152128199,0.03,0.029999999999999995,0.03,0.030000000000000002,0.03,0.029999999999999995,0.029999999999999995,0.03,0.03,0.03,0.030000000000000002,0.13,0.029999999999999995,0.03,0.03,0.03,0.13