DOW,DD,LIN,APD,ECL,LYB,ALB,SHW,PPG,NUE,STLD,FCX,NEM,MLM,VMC,IP,PKG,EMN,MOS,AVY
0.03,0.029999999999999992,0.10338158219530148,0.12703294603178988,0.03,0.03,0.03,0.06860842198598736,0.03,0.03,0.030000000000000002,0.030000000000000002,0.12097704978692164,0.029999999999999995,0.03,0.03,0.13,0.03,0.03,0.030000000000000002