NEE,DUK,SO,AEP,EXC,D,XEL,WEC,ED,PEG,AEE,FE,CMS,LNT,NI,CNP,ETR,PCG,EIX,ES
0.029999999999999995,0.13,0.09963142420864901,0.03,0.03,0.030000000000000002,0.030244659681180536,0.07128106408435864,0.11577743009857604,0.03121847096468165,0.03,0.05370715800561825,0.03,0.03,0.030000000000000002,0.03375743267999953,0.029999999999999995,0.1043823602769367,0.03,0.029999999999999995