META,GOOGL,NFLX,EA,TTWO,MTCH,T,VZ,CMCSA,CHTR,DIS,FOXA,PARA,WBD,TMUS,OMC,IPG,LYV,NWSA,GOOG
0.12333860412783104,0.03666139587216889,0.13,0.029999999999999995,0.03,0.03,0.03,0.03,0.029999999999999995,0.029999999999999995,0.030000000000000002,0.03,0.03,0.03,0.13,0.03,0.03,0.03,0.03,0.12999999999999998