GE,MMM,HON,UNP,UPS,BA,CAT,LMT,RTX,DE,EMR,GD,NOC,FAST,PH,ROK,CSX,FDX,ETN,CMI
0.030000000000000002,0.05598347766659023,0.030000000000000002,0.029999999999999995,0.13,0.03,0.029999999999999992,0.10401652233341013,0.03,0.03,0.029999999999999992,0.03,0.12999999999999998,0.13,0.03,0.029999999999999995,0.03,0.03,0.029999999999999995,0.029999999999999995