GE,MMM,HON,UNP,UPS,BA,CAT,LMT,RTX,DE,EMR,GD,NOC,FAST,PH,ROK,CSX,FDX,ETN,CMI
0.13000000000000003,0.03,0.030000000000000002,0.029999999999999995,0.029999999999999995,0.03,0.12999999999999998,0.03,0.03,0.03,0.029999999999999992,0.03,0.029999999999999995,0.12065198537867569,0.03934801462132462,0.029999999999999995,0.03,0.03,0.13,0.029999999999999995