AAPL,MSFT,NVDA,AMD,INTC,QCOM,AVGO,ADBE,CRM,ORCL,CSCO,INTU,NOW,AMAT,LRCX,TXN,MU,IBM,CDNS,SNPS
0.09499655250966967,0.03,0.13,0.029999999999999995,0.03,0.029999999999999995,0.13,0.03,0.030000000000000002,0.12999999999999998,0.03,0.03,0.03,0.03,0.030000000000000002,0.03,0.03,0.06500344749033013,0.03,0.03