LIN,APD,SHW,ECL,DD,DOW,FCX,NEM,NUE,VMC,MLM,ALB,MOS,CF,IP,BALL,PPG,LYB,STLD,AMCR
0.13,0.029999999999999995,0.07016401383777689,0.03,0.029999999999999992,0.03,0.12739861439275144,0.029999999999999992,0.030000000000000002,0.029999999999999995,0.03,0.030000000000000002,0.029999999999999995,0.0924373717694715,0.03,0.029999999999999992,0.029999999999999995,0.03,0.13,0.03