JNJ,PFE,LLY,MRK,ABBV,BMY,AMGN,GILD,REGN,VRTX,UNH,CI,CVS,MDT,SYK,ISRG,BDX,BIIB,HCA,BSX
0.13,0.029999999999999995,0.03,0.13,0.03,0.029999999999999995,0.03,0.1158122761223948,0.03,0.04418772387760497,0.03,0.03,0.029999999999999995,0.030000000000000002,0.03,0.03,0.13,0.03,0.03,0.029999999999999995