AMT,PLD,EQIX,SPG,PSA,O,DLR,AVB,EQR,WELL,BXP,WY,ARE,EXR,INVH,MAA,UDR,KIM,CCI,ESS
0.03,0.03,0.13,0.03,0.13,0.029999999999999995,0.12999999999999998,0.03,0.03,0.030000000000000002,0.029999999999999995,0.029999999999999995,0.029999999999999995,0.03,0.029999999999999995,0.03,0.03,0.03,0.1300000000000001,0.03