PG,KO,PEP,WMT,COST,MDLZ,CL,KMB,GIS,K,MKC,HSY,CLX,MO,PM,SYY,ADM,EL,TSN,HRL
0.03,0.03,0.03,0.13,0.13,0.03,0.030000000000000002,0.03,0.08818267193014451,0.03,0.03,0.029999999999999995,0.029999999999999995,0.03,0.1253606529351309,0.030000000000000002,0.07645667513472403,0.029999999999999992,0.029999999999999995,0.03