META,GOOGL,NFLX,EA,TTWO,MTCH,T,VZ,CMCSA,CHTR,DIS,FOXA,PARA,WBD,TMUS,OMC,IPG,LYV,NWSA,GOOG
0.029999999999999995,0.029999999999999995,0.029999999999999995,0.13,0.06554591782442018,0.03,0.09445408217558,0.13,0.029999999999999995,0.029999999999999995,0.03,0.03,0.03,0.030000000000000002,0.13,0.029999999999999995,0.03,0.03,0.03,0.030000000000000002