META,GOOGL,NFLX,EA,TTWO,MTCH,T,VZ,CMCSA,CHTR,DIS,FOXA,PARA,WBD,TMUS,OMC,IPG,LYV,NWSA,GOOG
0.029999999999999995,0.03,0.03,0.13,0.044822805885018774,0.030000000000000002,0.11942678383102158,0.13,0.03,0.030000000000000002,0.029999999999999992,0.046629371541471135,0.03,0.03,0.10912103874248837,0.03,0.03,0.03,0.029999999999999995,0.030000000000000002