AAPL,MSFT,NVDA,AMD,CSCO,ORCL,ADBE,CRM,INTC,IBM,QCOM,TXN,NOW,PANW,SNPS,FTNT,AVGO,CRWD,INTU,HPE
0.03,0.03174939367827792,0.029999999999999995,0.03,0.13,0.13,0.029999999999999995,0.029999999999999995,0.029999999999999995,0.12999999999999998,0.03,0.12825060632172253,0.029999999999999995,0.030000000000000002,0.03,0.029999999999999995,0.030000000000000002,0.03,0.030000000000000002,0.029999999999999995