NEE,DUK,SO,D,AEP,EXC,XEL,ED,WEC,ES,PEG,ETR,FE,PPL,CMS,LNT,NI,AES,CNP,ATO
0.03,0.061990692285073784,0.13,0.029999999999999995,0.030000000000000002,0.030000000000000002,0.03,0.030000000000000002,0.03,0.029999999999999992,0.12999999999999998,0.030000000000000002,0.03,0.030000000000000002,0.03,0.030000000000000002,0.12999999999999998,0.03,0.03,0.09800930771492575