JNJ,PFE,MRK,ABBV,UNH,LLY,TMO,ABT,MDT,AMGN,GILD,BIIB,REGN,ISRG,SYK,BSX,ZTS,MCK,BMY,VRTX
0.029999999999999995,0.030000000000000002,0.030000000000000002,0.13,0.029999999999999995,0.13,0.03,0.03,0.029999999999999995,0.03,0.03,0.03,0.1299999999999974,0.029999999999999995,0.03,0.029999999999999995,0.03,0.12999999999999998,0.03,0.03000000000000312