AAPL,MSFT,NVDA,AMD,INTC,QCOM,AVGO,ADBE,CRM,ORCL,CSCO,INTU,NOW,AMAT,LRCX,TXN,MU,IBM,CDNS,SNPS
0.03,0.0492881530250744,0.029999999999999995,0.03,0.029999999999999995,0.03,0.030000000000000002,0.029999999999999995,0.029999999999999995,0.13,0.13,0.030000000000000002,0.029999999999999995,0.029999999999999995,0.029999999999999995,0.11071184697492605,0.03,0.12999999999999998,0.029999999999999995,0.03