META,GOOGL,NFLX,DIS,CMCSA,TMUS,CHTR,WBD,PARA,LYV,VZ,T,FOXA,FOX,OMC,IPG,GOOG,NWSA,EA,TTWO
0.029999999999999995,0.03,0.03,0.029999999999999992,0.03,0.11691693862887148,0.030000000000000002,0.03,0.03,0.03,0.13,0.11710577571944542,0.03,0.029999999999999995,0.03,0.03,0.030000000000000002,0.029999999999999995,0.13,0.05597728565168301