AAPL,MSFT,NVDA,AMD,INTC,QCOM,AVGO,ADBE,CRM,ORCL,CSCO,INTU,NOW,AMAT,LRCX,TXN,MU,IBM,CDNS,SNPS
0.10535977677240665,0.0446551219941833,0.029999999999999995,0.029999999999999995,0.030000000000000002,0.03,0.03,0.03,0.030000000000000002,0.09583173289104259,0.12999999999999998,0.029999999999999995,0.03,0.03,0.03,0.07415336834236778,0.03,0.13,0.029999999999999995,0.03