AMZN,TSLA,HD,MCD,NKE,SBUX,LOW,BKNG,GM,F,TJX,ROST,CMG,AZO,BBY,DHI,ORLY,YUM,HAS,LULU
0.13,0.03,0.03,0.13,0.029999999999999992,0.06310951755020422,0.03,0.029999999999999995,0.03,0.03,0.029999999999999992,0.03,0.029999999999999992,0.0968904824497961,0.03,0.029999999999999995,0.12999999999999998,0.029999999999999995,0.029999999999999995,0.03