CAT,DE,UNP,CSX,BA,LMT,RTX,HON,GE,MMM,EMR,ETN,ITW,PH,FDX,UPS,ROK,NOC,NSC,GD
0.029999999999999992,0.03,0.029999999999999995,0.03863664617736849,0.03,0.13,0.03,0.030000000000000002,0.030000000000000002,0.12136335382263196,0.029999999999999992,0.029999999999999995,0.029999999999999995,0.03,0.03,0.13,0.029999999999999995,0.12999999999999998,0.03,0.03