NEE,DUK,SO,AEP,EXC,D,XEL,WEC,ED,PEG,AEE,FE,CMS,LNT,NI,CNP,ETR,PCG,EIX,ES
0.031288353486896125,0.029999999999999995,0.029999999999999995,0.030000000000000002,0.030000000000000002,0.13,0.04598712839473582,0.03,0.13,0.029999999999999995,0.12999999999999998,0.11272451811836764,0.03,0.030000000000000002,0.029999999999999995,0.03,0.030000000000000002,0.03,0.03,0.029999999999999992