META,GOOGL,NFLX,DIS,CMCSA,TMUS,CHTR,WBD,PARA,LYV,VZ,T,FOXA,FOX,OMC,IPG,GOOG,NWSA,EA,TTWO
0.13,0.047686616621055944,0.11231338337894418,0.03,0.029999999999999995,0.13,0.029999999999999995,0.030000000000000002,0.03,0.03,0.03,0.030000000000000002,0.03,0.03,0.029999999999999995,0.03,0.13,0.03,0.03,0.029999999999999995