AMT,PLD,EQIX,SPG,PSA,O,DLR,AVB,EQR,WELL,BXP,WY,ARE,EXR,INVH,MAA,UDR,KIM,CCI,ESS
0.029999999999999995,0.029999999999999995,0.13,0.029999999999999995,0.07193131383299228,0.13,0.05626601030240322,0.07696280817386877,0.03,0.030000000000000002,0.030000000000000002,0.030000000000000002,0.029999999999999992,0.029999999999999992,0.05234701984547624,0.0356777644269763,0.029999999999999995,0.030000000000000002,0.08681508341828373,0.03