AAPL,MSFT,NVDA,AMD,INTC,QCOM,AVGO,ADBE,CRM,ORCL,CSCO,INTU,NOW,AMAT,LRCX,TXN,MU,IBM,CDNS,SNPS
0.030823643506194043,0.066895173987727,0.029999999999999995,0.029999999999999995,0.03,0.029999999999999995,0.029999999999999995,0.03,0.030000000000000002,0.12999999999999998,0.12999999999999998,0.03,0.03,0.03,0.030000000000000002,0.09228118250607881,0.03,0.13,0.03,0.03