JNJ,PFE,LLY,MRK,ABBV,BMY,AMGN,GILD,REGN,VRTX,UNH,CI,CVS,MDT,SYK,ISRG,BDX,BIIB,HCA,BSX
0.029999999999999995,0.030000000000000002,0.13,0.030000000000000002,0.13,0.03,0.03,0.03,0.13,0.10140531034079851,0.029999999999999995,0.03,0.03,0.029999999999999995,0.03,0.029999999999999995,0.029999999999999995,0.03,0.05859468965920201,0.029999999999999995