JNJ,PFE,MRK,ABBV,UNH,LLY,TMO,ABT,MDT,AMGN,GILD,BIIB,REGN,ISRG,SYK,BSX,ZTS,MCK,BMY,VRTX
0.13,0.04340993042209649,0.13,0.03,0.03,0.03,0.044292034652972455,0.03,0.04120497143037274,0.03,0.13,0.03,0.03,0.03,0.03,0.029999999999999995,0.03,0.03,0.066243734002403,0.054849329492155194