GE,MMM,HON,UNP,UPS,BA,CAT,LMT,RTX,DE,EMR,GD,NOC,FAST,PH,ROK,CSX,FDX,ETN,CMI
0.029999999999999995,0.029999999999999995,0.029999999999999995,0.029999999999999995,0.06472867846498653,0.03,0.029999999999999992,0.13,0.03,0.03,0.029999999999999995,0.029999999999999995,0.13,0.13,0.03,0.034891671946304284,0.08542916608770217,0.03,0.029999999999999995,0.03495048350100742