PLD,AMT,EQIX,PSA,SPG,WELL,AVB,EQR,EXR,VTR,BXP,DLR,O,KIM,FRT,REG,ESS,MAA,IRM,HST
0.029999999999999995,0.030548083181731224,0.13,0.11900935147673566,0.029999999999999995,0.030000000000000002,0.032372464194488526,0.03,0.029999999999999992,0.029999999999999995,0.030000000000000002,0.09190647292820817,0.13,0.030000000000000002,0.029999999999999995,0.029999999999999992,0.04123234520792153,0.06493128301091539,0.029999999999999995,0.029999999999999995