JPM,BAC,WFC,C,GS,MS,V,MA,BLK,BX,SCHW,AIG,PGR,CB,MET,PRU,STT,AXP,COF,BRK.B
0.029999999999999995,0.03,0.03,0.030000000000000002,0.030231316687552287,0.13,0.03,0.03,0.03,0.13,0.03,0.029999999999999995,0.13,0.03,0.029999999999999995,0.029999999999999995,0.03,0.03,0.03,0.12976868331244754