AAPL,MSFT,NVDA,AMD,INTC,QCOM,AVGO,ADBE,CRM,ORCL,CSCO,INTU,NOW,AMAT,LRCX,TXN,MU,IBM,CDNS,SNPS
0.11697246689865436,0.030000000000000002,0.13,0.029999999999999995,0.030000000000000002,0.03,0.13,0.03,0.030000000000000002,0.04302753310134598,0.03,0.029999999999999995,0.03,0.03,0.03,0.030000000000000002,0.03,0.13,0.029999999999999995,0.03