JPM,BAC,WFC,C,GS,MS,BLK,SCHW,AXP,PNC,USB,TFC,MET,PRU,AIG,TROW,STT,CME,CB,TRV
0.029999999999999995,0.03,0.03,0.030000000000000002,0.13,0.13,0.13,0.03,0.08330450702531604,0.029999999999999995,0.03,0.029999999999999995,0.029999999999999995,0.029999999999999995,0.029999999999999995,0.03,0.03,0.03,0.07669549297468432,0.030000000000000002