LIN,APD,SHW,ECL,DD,DOW,FCX,NEM,NUE,VMC,MLM,ALB,MOS,CF,IP,BALL,PPG,LYB,STLD,AMCR
0.11216039730348712,0.13,0.07633363047276863,0.03,0.029999999999999992,0.03,0.030000000000000002,0.1047437949441457,0.03,0.03,0.029999999999999995,0.03,0.03,0.029999999999999995,0.03256883697175234,0.029999999999999995,0.03,0.03,0.030000000000000002,0.12419334030784669