JPM,BAC,WFC,C,GS,MS,V,MA,BLK,BX,SCHW,AIG,PGR,CB,MET,PRU,STT,AXP,COF,BRK.B
0.03,0.029999999999999992,0.03,0.03,0.029999999999999995,0.029999999999999995,0.13,0.060027689503237565,0.03,0.03,0.029999999999999995,0.03,0.13,0.09997231049676265,0.030000000000000002,0.030000000000000002,0.029999999999999995,0.03,0.029999999999999995,0.13