AMZN,TSLA,HD,MCD,NKE,SBUX,LOW,BKNG,GM,F,TJX,ROST,CMG,AZO,BBY,DHI,ORLY,YUM,HAS,LULU
0.05855063697449161,0.13,0.030000000000000002,0.03,0.029999999999999995,0.030000000000000002,0.03,0.03,0.030000000000000002,0.029999999999999995,0.03,0.03,0.13,0.10192010170564407,0.03,0.03,0.1295292613198646,0.029999999999999992,0.030000000000000002,0.029999999999999995