JPM,BAC,WFC,C,GS,MS,BLK,SCHW,AXP,PNC,USB,TFC,MET,PRU,AIG,TROW,STT,CME,CB,TRV
0.03,0.029999999999999992,0.03,0.03,0.029999999999999995,0.029999999999999995,0.03642738210418769,0.029999999999999995,0.03,0.029999999999999995,0.030000000000000002,0.029999999999999995,0.030000000000000002,0.030000000000000002,0.03,0.12357261789581284,0.029999999999999995,0.12999999999999998,0.13,0.13