XOM,CVX,COP,EOG,SLB,MPC,PSX,VLO,HES,OXY,DVN,FANG,APA,HAL,BKR,WMB,OKE,KMI,EQT,CTRA
0.12739827631151143,0.13,0.03,0.03,0.03,0.03,0.03,0.03,0.03,0.03,0.03,0.03,0.03,0.03,0.03,0.13,0.03,0.13,0.03,0.032601723688488154