META,GOOGL,NFLX,EA,TTWO,MTCH,T,VZ,CMCSA,CHTR,DIS,FOXA,PARA,WBD,TMUS,OMC,IPG,LYV,NWSA,GOOG
0.030000000000000002,0.029999999999999995,0.030000000000000002,0.13,0.0636209163622234,0.03,0.09718323831968737,0.13,0.029999999999999995,0.029999999999999995,0.030000000000000002,0.03,0.03,0.03,0.12919584531808917,0.03,0.03,0.03,0.03,0.029999999999999995