AAPL,MSFT,NVDA,AMD,INTC,QCOM,AVGO,ADBE,CRM,ORCL,CSCO,INTU,NOW,AMAT,LRCX,TXN,MU,IBM,CDNS,SNPS
0.12881881323758898,0.029999999999999995,0.13,0.03,0.029999999999999995,0.03,0.13,0.029999999999999995,0.029999999999999995,0.13,0.030000000000000002,0.030000000000000002,0.029999999999999995,0.029999999999999995,0.029999999999999995,0.029999999999999995,0.03,0.031181186762411443,0.029999999999999995,0.03