GE,MMM,HON,UNP,UPS,BA,CAT,LMT,RTX,DE,EMR,GD,NOC,FAST,PH,ROK,CSX,FDX,ETN,CMI
0.029999999999999995,0.061242194567926185,0.03,0.029999999999999995,0.13,0.029999999999999995,0.03,0.10453485610605656,0.029999999999999995,0.03,0.03,0.03,0.13,0.12422294932601667,0.03,0.029999999999999995,0.03,0.03,0.03,0.029999999999999995