AMT,PLD,EQIX,SPG,PSA,O,DLR,AVB,EQR,WELL,BXP,WY,ARE,EXR,INVH,MAA,UDR,KIM,CCI,ESS
0.03,0.03,0.13,0.0694569650561757,0.10435956258715044,0.029999999999999995,0.12999999999999998,0.03,0.03,0.11618347235667341,0.029999999999999995,0.029999999999999995,0.029999999999999995,0.03,0.029999999999999995,0.03,0.03,0.03,0.03,0.03