XOM,CVX,COP,EOG,OXY,MPC,VLO,PSX,KMI,WMB,OKE,SLB,BKR,HAL,DVN,APA,HES,FANG,CTRA,TRGP
0.03,0.03,0.03,0.03,0.03,0.13,0.03,0.03,0.03,0.13,0.12855755465147228,0.03,0.03,0.03,0.03,0.03,0.03,0.031442445348527304,0.03,0.13