PG,KO,PEP,WMT,COST,CL,KMB,GIS,K,MDLZ,ADM,SYY,HRL,MKC,CHD,CLX,TSN,SJM,KHC,EL
0.03,0.03,0.03,0.11164528826645041,0.03,0.0885508848435496,0.03,0.07454690248336461,0.059620856134322074,0.03,0.07230479375727561,0.029999999999999995,0.13,0.03,0.07190959466569619,0.029999999999999995,0.03142167984934098,0.03,0.029999999999999995,0.03