XOM,CVX,COP,EOG,OXY,MPC,VLO,PSX,KMI,WMB,OKE,SLB,BKR,HAL,DVN,APA,HES,FANG,CTRA,TRGP
0.0979563518770537,0.13,0.03,0.03,0.03,0.03,0.03,0.03,0.13,0.13,0.03,0.03,0.03,0.03,0.03,0.03,0.03,0.03,0.06204364812294588,0.03