AAPL,MSFT,NVDA,AMD,CSCO,ORCL,ADBE,CRM,INTC,IBM,QCOM,TXN,NOW,PANW,SNPS,FTNT,AVGO,CRWD,INTU,HPE
0.07693889161188484,0.0580927930092155,0.029999999999999995,0.029999999999999995,0.12999999999999998,0.07011915044974959,0.03,0.030000000000000002,0.030000000000000002,0.13,0.03,0.1148491649291504,0.03,0.03,0.03,0.029999999999999995,0.03,0.029999999999999995,0.029999999999999995,0.03