AAPL,MSFT,NVDA,AMD,CSCO,ORCL,ADBE,CRM,INTC,IBM,QCOM,TXN,NOW,PANW,SNPS,FTNT,AVGO,CRWD,INTU,HPE
0.031451724610729724,0.030000000000000002,0.13,0.029999999999999995,0.03,0.029999999999999995,0.03,0.030000000000000002,0.030000000000000002,0.13,0.03,0.030000000000000002,0.03,0.12854827538927063,0.03,0.029999999999999995,0.13,0.029999999999999995,0.029999999999999995,0.03