PG,KO,PEP,WMT,COST,MDLZ,CL,KMB,GIS,K,MKC,HSY,CLX,MO,PM,SYY,ADM,EL,TSN,HRL
0.03,0.03,0.03,0.12338578008450228,0.03541803104762591,0.03,0.08611139443462226,0.03,0.11344741109064932,0.04723042310450781,0.03,0.03,0.04808548388134761,0.029999999999999995,0.029999999999999995,0.029999999999999995,0.05256533188885075,0.03,0.03375614446789366,0.13