PG,KO,PEP,WMT,COST,MDLZ,CL,KMB,GIS,K,MKC,HSY,CLX,MO,PM,SYY,ADM,EL,TSN,HRL
0.03,0.03,0.03,0.13,0.13,0.03,0.03,0.03,0.09611097744921533,0.048343325584220304,0.03,0.03,0.029999999999999995,0.04554569696656381,0.13,0.029999999999999995,0.03,0.03,0.029999999999999992,0.029999999999999995