META,GOOGL,NFLX,DIS,CMCSA,TMUS,CHTR,WBD,PARA,LYV,VZ,T,FOXA,FOX,OMC,IPG,GOOG,NWSA,EA,TTWO
0.12354625079762374,0.036453749202376255,0.13,0.030000000000000002,0.029999999999999995,0.13,0.029999999999999995,0.03,0.03,0.03,0.03,0.03,0.03,0.029999999999999995,0.03,0.03,0.12999999999999998,0.03,0.029999999999999995,0.03