LIN,APD,SHW,ECL,DD,DOW,FCX,NEM,NUE,VMC,MLM,ALB,MOS,CF,IP,BALL,PPG,LYB,STLD,AMCR
0.11499102957844377,0.08657215900139412,0.08843681142016192,0.03,0.029999999999999992,0.03,0.029999999999999995,0.12999999999999998,0.030000000000000002,0.029999999999999995,0.03,0.030000000000000002,0.029999999999999995,0.03,0.03,0.029999999999999992,0.029999999999999995,0.03,0.03,0.13