DOW,DD,LIN,APD,ECL,LYB,ALB,SHW,PPG,NUE,STLD,FCX,NEM,MLM,VMC,IP,PKG,EMN,MOS,AVY
0.03,0.029999999999999995,0.071986116594591,0.13,0.03,0.03,0.030000000000000002,0.08801388340540962,0.029999999999999992,0.03,0.030000000000000002,0.03,0.13,0.03,0.03,0.030000000000000002,0.13,0.03,0.03,0.03