JNJ,PFE,LLY,MRK,ABBV,BMY,AMGN,GILD,REGN,VRTX,UNH,CI,CVS,MDT,SYK,ISRG,BDX,BIIB,HCA,BSX
0.13,0.029999999999999995,0.030000000000000002,0.12638764763470833,0.05579105593859466,0.05484572225275131,0.029999999999999995,0.03,0.03,0.04316900158946007,0.03,0.03,0.029999999999999992,0.06980657258448511,0.029999999999999995,0.029999999999999995,0.13,0.03,0.029999999999999995,0.03