XOM,CVX,COP,EOG,SLB,MPC,PSX,VLO,HES,OXY,DVN,FANG,APA,HAL,BKR,WMB,OKE,KMI,EQT,CTRA
0.03826337502755185,0.029999999999999995,0.029999999999999992,0.03,0.030000000000000002,0.13,0.030000000000000002,0.029999999999999995,0.03,0.03,0.030000000000000002,0.09586685948431713,0.03,0.02999999999999999,0.029999999999999995,0.12999999999999998,0.03,0.03,0.12999999999999998,0.05586976548813123