AAPL,MSFT,NVDA,AMD,CSCO,ORCL,ADBE,CRM,INTC,IBM,QCOM,TXN,NOW,PANW,SNPS,FTNT,AVGO,CRWD,INTU,HPE
0.07706065360148634,0.029999999999999995,0.13,0.03,0.030000000000000002,0.11987059521998399,0.029999999999999995,0.029999999999999995,0.029999999999999995,0.03,0.03,0.029999999999999995,0.029999999999999995,0.05213428671873031,0.03,0.07093446445979978,0.13,0.03,0.030000000000000002,0.029999999999999995