AMZN,TSLA,HD,MCD,NKE,SBUX,LOW,BKNG,GM,F,TJX,ROST,CMG,AZO,BBY,DHI,ORLY,YUM,HAS,LULU
0.030000000000000002,0.13,0.03,0.030000000000000002,0.029999999999999992,0.03,0.03,0.029999999999999995,0.03,0.03,0.029999999999999992,0.03,0.12513266721318864,0.08033048430970534,0.03,0.08453684847710638,0.12999999999999998,0.029999999999999995,0.029999999999999995,0.03