NEE,DUK,SO,D,AEP,EXC,XEL,ED,WEC,ES,PEG,ETR,FE,PPL,CMS,LNT,NI,AES,CNP,ATO
0.03763046757603355,0.029999999999999995,0.029999999999999995,0.13,0.030000000000000002,0.030000000000000002,0.04797560858982447,0.13,0.03,0.029999999999999992,0.029999999999999995,0.030000000000000002,0.10439392383414149,0.030000000000000002,0.03,0.030000000000000002,0.029999999999999995,0.03,0.03,0.13