PG,KO,PEP,WMT,COST,CL,KMB,GIS,K,MDLZ,ADM,SYY,HRL,MKC,CHD,CLX,TSN,SJM,KHC,EL
0.03,0.03,0.03,0.13,0.13,0.03,0.03,0.032250827210551836,0.09570021672849399,0.03,0.062048956060953606,0.029999999999999995,0.029999999999999995,0.03,0.13,0.029999999999999995,0.029999999999999992,0.03,0.029999999999999995,0.03