XOM,CVX,COP,EOG,OXY,MPC,VLO,PSX,KMI,WMB,OKE,SLB,BKR,HAL,DVN,APA,HES,FANG,CTRA,TRGP
0.03353531558997227,0.1264646844100273,0.03,0.03,0.03,0.03,0.03,0.03,0.13,0.13,0.03,0.03,0.03,0.03,0.03,0.03,0.03,0.03,0.13,0.03