JNJ,PFE,MRK,ABBV,UNH,LLY,TMO,ABT,MDT,AMGN,GILD,BIIB,REGN,ISRG,SYK,BSX,ZTS,MCK,BMY,VRTX
0.030000000000000002,0.029999999999999995,0.029999999999999995,0.13,0.03,0.13,0.03,0.03,0.03,0.029999999999999995,0.03,0.03,0.03,0.0354030501186028,0.029999999999999995,0.12459694988139654,0.029999999999999995,0.13,0.03,0.03