AMZN,TSLA,NKE,HD,MCD,SBUX,LOW,BKNG,TJX,GM,F,CMG,LULU,DPZ,ULTA,ROST,DRI,YUM,AZO,ORLY
0.03,0.10066415389447075,0.03,0.03,0.03,0.03,0.03,0.029999999999999995,0.03,0.03,0.03,0.05933584610552986,0.03,0.029999999999999995,0.030000000000000002,0.029999999999999995,0.13,0.03,0.13,0.13