XOM,CVX,COP,EOG,OXY,MPC,VLO,PSX,KMI,WMB,OKE,SLB,BKR,HAL,DVN,APA,HES,FANG,CTRA,TRGP
0.03,0.03,0.03,0.03,0.03,0.12977835084074296,0.03,0.03,0.030221649159256625,0.13,0.03,0.03,0.03,0.03,0.03,0.03,0.03,0.03,0.13,0.13