AMZN,TSLA,HD,MCD,NKE,SBUX,LOW,BKNG,GM,F,TJX,ROST,CMG,AZO,BBY,DHI,ORLY,YUM,HAS,LULU
0.055617624083579564,0.03,0.03,0.13,0.03,0.03,0.03,0.029999999999999995,0.03,0.03,0.03,0.029999999999999995,0.029999999999999995,0.0941733337298999,0.029999999999999995,0.029999999999999995,0.13,0.13,0.04020904218652107,0.03