JNJ,PFE,MRK,ABBV,UNH,LLY,TMO,ABT,MDT,AMGN,GILD,BIIB,REGN,ISRG,SYK,BSX,ZTS,MCK,BMY,VRTX
0.13,0.052147838519815484,0.13,0.06459207570178598,0.03,0.030000000000000002,0.03,0.035304048026223396,0.0904048590512277,0.029999999999999995,0.03,0.03,0.03,0.029999999999999995,0.029999999999999995,0.04062031277574561,0.029999999999999995,0.029999999999999995,0.07885922159386224,0.048071644331339126