AAPL,MSFT,NVDA,AMD,CSCO,ORCL,ADBE,CRM,INTC,IBM,QCOM,TXN,NOW,PANW,SNPS,FTNT,AVGO,CRWD,INTU,HPE
0.03,0.03,0.13,0.029999999999999995,0.03,0.12999999999999998,0.03,0.030000000000000002,0.03,0.040900638704511494,0.029999999999999995,0.03,0.03,0.05478245505598426,0.03,0.03,0.13,0.0943169062395041,0.03,0.03