PG,KO,PEP,WMT,COST,MDLZ,CL,KMB,GIS,K,MKC,HSY,CLX,MO,PM,SYY,ADM,EL,TSN,HRL
0.029999999999999995,0.03,0.061420126666626926,0.10820888215400008,0.042913269589339414,0.030000000000000002,0.13,0.03,0.039445314641259874,0.10082420195061717,0.03,0.029999999999999995,0.03,0.03854399256249568,0.029999999999999992,0.03,0.07638142250548483,0.030000000000000002,0.03,0.07226278993017604