CAT,DE,UNP,CSX,BA,LMT,RTX,HON,GE,MMM,EMR,ETN,ITW,PH,FDX,UPS,ROK,NOC,NSC,GD
0.029999999999999992,0.03,0.029999999999999995,0.08769017712030552,0.03,0.13,0.03,0.029999999999999995,0.029999999999999995,0.029999999999999995,0.029999999999999995,0.029999999999999995,0.06318654947407014,0.03,0.03,0.08173723523570417,0.05645642818870445,0.13,0.030000000000000002,0.0609296099812163