META,GOOGL,NFLX,EA,TTWO,MTCH,T,VZ,CMCSA,CHTR,DIS,FOXA,PARA,WBD,TMUS,OMC,IPG,LYV,NWSA,GOOG
0.13,0.03,0.03,0.03,0.03,0.030000000000000002,0.03266329518378262,0.03,0.03,0.030000000000000002,0.029999999999999992,0.11681220607680891,0.03,0.03,0.13,0.03,0.03,0.07426275257217106,0.03827156751990187,0.08799017864733537