GE,MMM,HON,UNP,UPS,BA,CAT,LMT,RTX,DE,EMR,GD,NOC,FAST,PH,ROK,CSX,FDX,ETN,CMI
0.10343775376601999,0.03,0.03,0.029999999999999995,0.03,0.029999999999999995,0.13,0.030000000000000002,0.029999999999999995,0.03,0.03,0.03,0.03,0.13,0.056352306248854185,0.029999999999999995,0.03,0.03020993998512515,0.13,0.029999999999999995