PG,KO,PEP,WMT,COST,CL,KMB,GIS,K,MDLZ,ADM,SYY,HRL,MKC,CHD,CLX,TSN,SJM,KHC,EL
0.029999999999999995,0.03,0.04834858386889658,0.10797010572227299,0.03432336915043382,0.12655239379882405,0.03,0.029999999999999995,0.08834569322033888,0.030000000000000002,0.09316353472492642,0.03,0.06498652134469007,0.03,0.06988289369428084,0.03,0.03642690447533636,0.03,0.030000000000000002,0.030000000000000002