LIN,APD,SHW,ECL,DD,DOW,FCX,NEM,NUE,VMC,MLM,ALB,MOS,CF,IP,BALL,PPG,LYB,STLD,AMCR
0.13,0.029999999999999995,0.09476195403739128,0.03,0.029999999999999995,0.03,0.13,0.058470372982878153,0.036767672979731145,0.03,0.03,0.030000000000000002,0.03,0.029999999999999995,0.030000000000000002,0.029999999999999995,0.029999999999999992,0.03,0.13,0.029999999999999995