DOW,DD,LIN,APD,ECL,LYB,ALB,SHW,PPG,NUE,STLD,FCX,NEM,MLM,VMC,IP,PKG,EMN,MOS,AVY
0.03,0.029999999999999995,0.13,0.029999999999999995,0.03,0.03,0.030000000000000002,0.05736435092432997,0.029999999999999992,0.03,0.13,0.13,0.05597847164230807,0.03,0.03,0.030000000000000002,0.07665717743336252,0.03,0.03,0.03