PLD,AMT,EQIX,PSA,SPG,WELL,AVB,EQR,EXR,VTR,BXP,DLR,O,KIM,FRT,REG,ESS,MAA,IRM,HST
0.03,0.1299999999999998,0.13,0.13,0.03,0.03,0.03,0.03,0.03,0.03,0.029999999999999995,0.13,0.03,0.030000000000000002,0.03,0.03,0.03,0.03,0.03,0.029999999999999995