NEE,DUK,SO,AEP,EXC,D,XEL,WEC,ED,PEG,AEE,FE,CMS,LNT,NI,CNP,ETR,PCG,EIX,ES
0.03,0.029999999999999995,0.12924007107019753,0.030000000000000002,0.030000000000000002,0.029999999999999995,0.03,0.03,0.030759928929802,0.12999999999999998,0.03,0.03,0.03,0.030000000000000002,0.12999999999999998,0.03,0.030000000000000002,0.13,0.03,0.029999999999999992