PG,KO,PEP,WMT,COST,CL,KMB,GIS,K,MDLZ,ADM,SYY,HRL,MKC,CHD,CLX,TSN,SJM,KHC,EL
0.03,0.03,0.03,0.13,0.13,0.030000000000000002,0.03,0.08726518929052461,0.07273481070947478,0.03,0.13,0.030000000000000002,0.03,0.03,0.030000000000000002,0.029999999999999995,0.029999999999999995,0.029999999999999995,0.03,0.029999999999999992