AMT,PLD,EQIX,SPG,PSA,O,DLR,AVB,EQR,WELL,BXP,WY,ARE,EXR,INVH,MAA,UDR,KIM,CCI,ESS
0.029999999999999995,0.03,0.13,0.08075281538926872,0.13,0.03,0.051388095962481006,0.03,0.03,0.05785908864824987,0.029999999999999995,0.03,0.03,0.13,0.029999999999999995,0.03,0.029999999999999992,0.030000000000000002,0.030000000000000002,0.03