META,GOOGL,NFLX,DIS,CMCSA,TMUS,CHTR,WBD,PARA,LYV,VZ,T,FOXA,FOX,OMC,IPG,GOOG,NWSA,EA,TTWO
0.029999999999999995,0.029999999999999995,0.029999999999999995,0.03,0.029999999999999995,0.13,0.029999999999999995,0.030000000000000002,0.03,0.03,0.13,0.08215435647869648,0.03,0.03,0.029999999999999995,0.03,0.030000000000000002,0.03,0.13,0.07784564352130373