META,GOOGL,NFLX,DIS,CMCSA,MTCH,FOXA,FOX,PARA,WBD,IPG,OMC,T,VZ,TMUS,GOOG,CHTR,EA,TTWO,LYV
0.13,0.03,0.03,0.029999999999999992,0.03,0.030000000000000002,0.10060824267707846,0.029999999999999995,0.03,0.03,0.03,0.03,0.037153566704120344,0.03,0.13,0.09614904023127993,0.030000000000000002,0.03,0.03,0.08608915038752114