KO,PEP,PG,PM,MO,KMB,COST,STZ,HSY,CHD,CL,CAG,SJM,KR,WMT,CLX,KHC,MDLZ,GIS,EL
0.03,0.03,0.03,0.12999999999999975,0.029999999999999995,0.03,0.13,0.029999999999999995,0.03,0.03,0.03,0.03,0.03,0.13,0.13,0.029999999999999995,0.029999999999999995,0.03,0.03,0.03