LMT,RTX,NOC,CAT,DE,PH,HON,MMM,UNP,CSX,FDX,UPS,EXPD,ITW,EMR,ETN,ROK,NSC,CMI,BA
0.03,0.0731595730568619,0.07631308716732599,0.03627249516910178,0.13,0.13,0.029999999999999995,0.029999999999999995,0.029999999999999995,0.030000000000000002,0.03425484460671049,0.029999999999999995,0.029999999999999995,0.03,0.029999999999999995,0.13,0.03,0.030000000000000002,0.030000000000000002,0.03