JPM,BAC,C,PNC,USB,AIG,ALL,TRV,PRU,GS,MS,ICE,BLK,SCHW,MMC,MET,CME,TROW,AXP,COF
0.03,0.029999999999999995,0.03,0.029999999999999992,0.030000000000000002,0.029999999999999995,0.11740205521209131,0.04259794478790863,0.029999999999999992,0.03,0.03,0.13,0.03,0.03,0.13,0.03,0.13,0.03,0.030000000000000002,0.030000000000000002