AAPL,MSFT,NVDA,AVGO,ORCL,ADBE,TXN,QCOM,AMD,LRCX,CRM,INTU,NOW,WDAY,CSCO,PANW,FTNT,INTC,CRWD,IBM
0.07342998967228653,0.04631451426707471,0.029999999999999995,0.03,0.0840361092608307,0.03,0.1162193867998084,0.03,0.029999999999999995,0.03,0.030000000000000002,0.029999999999999995,0.03,0.029999999999999995,0.12999999999999998,0.03,0.029999999999999995,0.030000000000000002,0.029999999999999995,0.13