APD,ALB,NEM,FCX,NUE,DOW,DD,LIN,SHW,CTVA,IFF,CF,MLM,VMC,PKG,IP,PPG,ECL,MOS,EMN
0.029999999999999995,0.030000000000000002,0.029999999999999992,0.13,0.030000000000000002,0.03,0.029999999999999992,0.13,0.09432878919600522,0.03,0.029999999999999995,0.12078173476027705,0.03,0.029999999999999995,0.07488947604371757,0.03,0.029999999999999995,0.03,0.029999999999999995,0.030000000000000002