META,GOOGL,NFLX,DIS,CMCSA,MTCH,FOXA,FOX,PARA,WBD,IPG,OMC,T,VZ,TMUS,GOOG,CHTR,EA,TTWO,LYV
0.029999999999999995,0.03,0.03,0.029999999999999992,0.03,0.030000000000000002,0.03,0.03247111824750297,0.03,0.03,0.03,0.03,0.12180342355171385,0.13,0.11690128397766453,0.030000000000000002,0.030000000000000002,0.13,0.048824174223118515,0.03