JPM,BAC,C,PNC,USB,AIG,ALL,TRV,PRU,GS,MS,ICE,BLK,SCHW,MMC,MET,CME,TROW,AXP,COF
0.029999999999999995,0.03,0.030000000000000002,0.029999999999999995,0.03,0.029999999999999995,0.029999999999999992,0.03240781461214681,0.029999999999999995,0.13,0.13,0.030000000000000002,0.12759218538785258,0.03,0.12999999999999998,0.029999999999999995,0.03,0.03,0.03,0.03