NEE,EXC,AWK,ES,AEP,ED,SO,WEC,PEG,PPL,AEE,XEL,SRE,CMS,PNW,D,EVRG,DUK,FE,CNP
0.029999999999999995,0.03,0.029999999999999995,0.029999999999999995,0.03,0.1266670266267219,0.13,0.05488315949287493,0.058742502507494306,0.03,0.03,0.030283460560385306,0.030000000000000002,0.03,0.029999999999999995,0.030000000000000002,0.029999999999999995,0.13,0.049729579133391946,0.059694271679131876