AMZN,EBAY,HD,LOW,TSLA,NKE,LULU,ULTA,TJX,ROST,MCD,SBUX,CMG,BKNG,MAR,ORLY,WYNN,YUM,KMX,AZO
0.13,0.029999999999999992,0.03,0.03,0.03,0.029999999999999992,0.03,0.03,0.029999999999999992,0.03,0.13,0.05504397403492684,0.029999999999999992,0.029999999999999995,0.030000000000000002,0.12999999999999998,0.03,0.029999999999999995,0.03,0.1049560259650735