APD,ALB,NEM,FCX,NUE,DOW,DD,LIN,SHW,CTVA,IFF,CF,MLM,VMC,PKG,IP,PPG,ECL,MOS,EMN
0.10084228612767215,0.030000000000000002,0.12999999999999998,0.029999999999999995,0.030000000000000002,0.03,0.029999999999999992,0.13,0.12313405236614422,0.03,0.029999999999999995,0.03,0.03,0.029999999999999995,0.06602366150618345,0.03,0.029999999999999995,0.03,0.029999999999999995,0.030000000000000002