NEE,EXC,AWK,ES,AEP,ED,SO,WEC,PEG,PPL,AEE,XEL,SRE,CMS,PNW,D,EVRG,DUK,FE,CNP
0.034684091495196724,0.03,0.029999999999999995,0.029999999999999992,0.030000000000000002,0.13,0.03,0.03,0.03,0.03,0.13,0.03,0.03,0.03,0.029999999999999995,0.12999999999999998,0.029999999999999995,0.04128674227100705,0.11402916623379664,0.029999999999999995