PLD,AVB,EQR,O,FRT,KIM,BXP,HST,WELL,VTR,DLR,EQIX,CCI,AMT,PSA,EXR,SPG,MAA,IRM,SBAC
0.03,0.03,0.03,0.029999999999999995,0.03,0.03,0.029999999999999995,0.03,0.03909498204111202,0.029999999999999995,0.12999999999999998,0.13,0.03,0.03,0.12090501795888754,0.03,0.03,0.03,0.12999999999999998,0.03