AAPL,MSFT,NVDA,AVGO,ORCL,ADBE,TXN,QCOM,AMD,LRCX,CRM,INTU,NOW,WDAY,CSCO,PANW,FTNT,INTC,CRWD,IBM
0.0309401786949697,0.030000000000000002,0.13,0.13,0.029999999999999995,0.03,0.030000000000000002,0.03,0.029999999999999995,0.03,0.030000000000000002,0.029999999999999995,0.03,0.029999999999999995,0.03,0.12905982130503066,0.029999999999999995,0.030000000000000002,0.029999999999999995,0.13