META,GOOGL,NFLX,DIS,CMCSA,MTCH,FOXA,FOX,PARA,WBD,IPG,OMC,T,VZ,TMUS,GOOG,CHTR,EA,TTWO,LYV
0.13,0.04817343039470732,0.11182656960529283,0.03,0.029999999999999995,0.03,0.03,0.03,0.03,0.030000000000000002,0.03,0.029999999999999995,0.030000000000000002,0.03,0.13,0.13,0.029999999999999995,0.03,0.029999999999999995,0.03