LMT,RTX,NOC,CAT,DE,PH,HON,MMM,UNP,CSX,FDX,UPS,EXPD,ITW,EMR,ETN,ROK,NSC,CMI,BA
0.03,0.03,0.06414084658889459,0.12999999999999998,0.057335279792558536,0.13,0.030000000000000002,0.03,0.029999999999999995,0.03,0.06852387361854727,0.029999999999999995,0.03,0.029999999999999995,0.029999999999999992,0.13,0.029999999999999995,0.03,0.029999999999999995,0.03