UNH,JNJ,MRK,LLY,TMO,ABBV,MDT,AMGN,ISRG,DHR,ABT,BMY,VRTX,HUM,CI,GILD,HCA,BIIB,PFE,SYK
0.029999999999999995,0.13,0.13,0.03,0.047003165722828984,0.040083994736065956,0.029999999999999995,0.03,0.029999999999999995,0.03,0.03,0.03,0.09397513243674509,0.03,0.03,0.13,0.03,0.03,0.0389377071043604,0.03