NEE,EXC,AWK,ES,AEP,ED,SO,WEC,PEG,PPL,AEE,XEL,SRE,CMS,PNW,D,EVRG,DUK,FE,CNP
0.13,0.03,0.029999999999999995,0.029999999999999992,0.030000000000000002,0.03312223298901735,0.13,0.03,0.13,0.03,0.029999999999999995,0.03,0.03,0.03,0.029999999999999995,0.029999999999999995,0.029999999999999995,0.12687776701098305,0.029999999999999995,0.029999999999999995