KO,PEP,PG,PM,MO,KMB,COST,STZ,HSY,CHD,CL,CAG,SJM,KR,WMT,CLX,KHC,MDLZ,GIS,EL
0.03,0.03,0.03,0.029999999999999995,0.03331753561937082,0.03,0.06083081647878945,0.029999999999999992,0.029999999999999995,0.03865939924718714,0.13000000000000003,0.029999999999999995,0.07680981416683758,0.07818611466822088,0.1049004063956697,0.029999999999999995,0.03,0.03,0.11404576345860498,0.0332501499653189