LMT,RTX,NOC,CAT,DE,PH,HON,MMM,UNP,CSX,FDX,UPS,EXPD,ITW,EMR,ETN,ROK,NSC,CMI,BA
0.030000000000000002,0.029999999999999995,0.03,0.13,0.10132236559188626,0.13,0.03,0.03,0.029999999999999995,0.03,0.05819433239268348,0.03,0.03,0.03,0.03,0.13,0.029999999999999995,0.03,0.030483302015430723,0.029999999999999995