PLD,AVB,EQR,O,FRT,KIM,BXP,HST,WELL,VTR,DLR,EQIX,CCI,AMT,PSA,EXR,SPG,MAA,IRM,SBAC
0.03,0.03,0.03,0.03,0.03,0.030000000000000002,0.029999999999999995,0.029999999999999995,0.03,0.03,0.03,0.13,0.030000000000000002,0.029999999999999995,0.1289590366031018,0.13,0.03104096339689779,0.03,0.13,0.03