META,GOOGL,NFLX,DIS,CMCSA,MTCH,FOXA,FOX,PARA,WBD,IPG,OMC,T,VZ,TMUS,GOOG,CHTR,EA,TTWO,LYV
0.12341303967442034,0.03658696032557957,0.13,0.030000000000000002,0.029999999999999995,0.03,0.03,0.029999999999999995,0.03,0.03,0.03,0.03,0.03,0.03,0.13,0.12999999999999998,0.029999999999999995,0.029999999999999995,0.03,0.03