LMT,RTX,NOC,CAT,DE,PH,HON,MMM,UNP,CSX,FDX,UPS,EXPD,ITW,EMR,ETN,ROK,NSC,CMI,BA
0.13,0.029999999999999995,0.13,0.03,0.03,0.03,0.03,0.05590783798765977,0.029999999999999995,0.03,0.03,0.13,0.10409216201234076,0.03,0.03,0.03,0.029999999999999995,0.03,0.029999999999999995,0.029999999999999995