LMT,RTX,NOC,CAT,DE,PH,HON,MMM,UNP,CSX,FDX,UPS,EXPD,ITW,EMR,ETN,ROK,NSC,CMI,BA
0.13,0.03,0.12999999999999998,0.029999999999999992,0.03,0.03,0.030000000000000002,0.06207705880482372,0.029999999999999995,0.03,0.03,0.13,0.09792294119517658,0.029999999999999995,0.029999999999999992,0.029999999999999995,0.029999999999999995,0.03,0.029999999999999995,0.03