XOM,CVX,COP,EOG,APA,DVN,OXY,FANG,EQT,SLB,HAL,BKR,KMI,WMB,OKE,PSX,VLO,HES,CTRA,MPC
0.03,0.03,0.03,0.03,0.03,0.03,0.03,0.03,0.13,0.03,0.03,0.03,0.030760211779863027,0.13,0.03,0.03,0.03,0.03,0.12923978822013657,0.13