UNH,JNJ,MRK,LLY,TMO,ABBV,MDT,AMGN,ISRG,DHR,ABT,BMY,VRTX,HUM,CI,GILD,HCA,BIIB,PFE,SYK
0.029999999999999995,0.029999999999999995,0.030000000000000002,0.13,0.03,0.13,0.029999999999999995,0.03,0.029999999999999995,0.051984526058142556,0.03,0.03,0.12999999999999998,0.03,0.03,0.03,0.10801547394185797,0.03,0.030000000000000002,0.03