XOM,CVX,COP,EOG,APA,DVN,OXY,FANG,EQT,SLB,HAL,BKR,KMI,WMB,OKE,PSX,VLO,HES,CTRA,MPC
0.03,0.10200565856906983,0.03,0.03,0.03,0.03,0.03,0.03,0.057994341430929755,0.03,0.03,0.03,0.13,0.13,0.03,0.03,0.03,0.03,0.13,0.03