AMZN,EBAY,HD,LOW,TSLA,NKE,LULU,ULTA,TJX,ROST,MCD,SBUX,CMG,BKNG,MAR,ORLY,WYNN,YUM,KMX,AZO
0.053691029482304406,0.029999999999999995,0.031273666875315166,0.03,0.03,0.03,0.03,0.030000000000000002,0.03,0.029999999999999995,0.13,0.03,0.029999999999999995,0.029999999999999995,0.029999999999999992,0.13,0.029999999999999992,0.13,0.03,0.105035303642381