JPM,BAC,C,PNC,USB,AIG,ALL,TRV,PRU,GS,MS,ICE,BLK,SCHW,MMC,MET,CME,TROW,AXP,COF
0.03,0.029999999999999995,0.03,0.029999999999999992,0.030000000000000002,0.12241645620554076,0.05100852560831284,0.11657501818614636,0.029999999999999992,0.03,0.03,0.13,0.03,0.03,0.13,0.03,0.03,0.03,0.030000000000000002,0.030000000000000002