AMZN,EBAY,HD,LOW,TSLA,NKE,LULU,ULTA,TJX,ROST,MCD,SBUX,CMG,BKNG,MAR,ORLY,WYNN,YUM,KMX,AZO
0.03638607970844112,0.029999999999999992,0.03,0.03,0.13,0.029999999999999992,0.03,0.03,0.029999999999999992,0.03,0.030000000000000002,0.03,0.13,0.029999999999999995,0.030000000000000002,0.12999999999999998,0.03,0.029999999999999995,0.03,0.12361392029155929