AAPL,MSFT,NVDA,AVGO,ORCL,ADBE,TXN,QCOM,AMD,LRCX,CRM,INTU,NOW,WDAY,CSCO,PANW,FTNT,INTC,CRWD,IBM
0.03,0.03,0.13,0.13,0.12999999999999998,0.03,0.03,0.029999999999999995,0.029999999999999995,0.030000000000000002,0.030000000000000002,0.03,0.03,0.029999999999999995,0.03,0.05115976316551065,0.03,0.03,0.09879997431777417,0.04004026251671504