APD,ALB,NEM,FCX,NUE,DOW,DD,LIN,SHW,CTVA,IFF,CF,MLM,VMC,PKG,IP,PPG,ECL,MOS,EMN
0.12080189784048267,0.03,0.11876335541433923,0.030000000000000002,0.03,0.03,0.029999999999999992,0.10758575435200335,0.07284899239317517,0.030000000000000002,0.029999999999999995,0.029999999999999995,0.029999999999999995,0.03,0.13,0.03,0.03,0.03,0.03,0.03