JPM,BAC,C,PNC,USB,AIG,ALL,TRV,PRU,GS,MS,ICE,BLK,SCHW,MMC,MET,CME,TROW,AXP,COF
0.029999999999999995,0.03,0.030000000000000002,0.029999999999999995,0.03,0.029999999999999995,0.043028537858696314,0.11697146214130305,0.029999999999999995,0.03,0.03,0.13,0.03,0.03,0.12999999999999998,0.029999999999999995,0.13,0.03,0.03,0.03