XOM,CVX,COP,EOG,APA,DVN,OXY,FANG,EQT,SLB,HAL,BKR,KMI,WMB,OKE,PSX,VLO,HES,CTRA,MPC
0.046744244386063415,0.08360896024178288,0.029999999999999992,0.03,0.03,0.030000000000000002,0.03,0.029999999999999995,0.05964679537215381,0.030000000000000002,0.02999999999999999,0.029999999999999995,0.13,0.12999999999999998,0.03,0.030000000000000002,0.029999999999999995,0.03,0.13,0.03