KO,PEP,PG,PM,MO,KMB,COST,STZ,HSY,CHD,CL,CAG,SJM,KR,WMT,CLX,KHC,MDLZ,GIS,EL
0.03,0.030000000000000002,0.029999999999999995,0.12999999999999998,0.0635845406252554,0.03,0.13,0.030000000000000002,0.029999999999999995,0.03,0.03,0.03,0.03,0.13,0.09641545937474456,0.03,0.030000000000000002,0.030000000000000002,0.029999999999999995,0.030000000000000002