AMZN,EBAY,HD,LOW,TSLA,NKE,LULU,ULTA,TJX,ROST,MCD,SBUX,CMG,BKNG,MAR,ORLY,WYNN,YUM,KMX,AZO
0.03,0.029999999999999995,0.03,0.03,0.11455393217726631,0.03,0.03,0.030000000000000002,0.03,0.029999999999999995,0.03,0.03,0.12333190054420604,0.05211416727852824,0.029999999999999992,0.13,0.029999999999999992,0.03,0.03,0.13