UNH,JNJ,MRK,LLY,TMO,ABBV,MDT,AMGN,ISRG,DHR,ABT,BMY,VRTX,HUM,CI,GILD,HCA,BIIB,PFE,SYK
0.03,0.030000000000000002,0.029999999999999995,0.13,0.03,0.13,0.03,0.029999999999999995,0.10099669487633563,0.03,0.03,0.03,0.059003305123663724,0.029999999999999992,0.03,0.03,0.13,0.03,0.029999999999999995,0.029999999999999995