AMZN,EBAY,HD,LOW,TSLA,NKE,LULU,ULTA,TJX,ROST,MCD,SBUX,CMG,BKNG,MAR,ORLY,WYNN,YUM,KMX,AZO
0.13,0.03247476475125025,0.030000000000000002,0.03,0.03,0.029999999999999995,0.029999999999999995,0.03,0.03,0.03,0.13,0.061493698613593197,0.03,0.03,0.03,0.13,0.029999999999999995,0.029999999999999992,0.03,0.09603153663515683