XOM,CVX,COP,EOG,APA,DVN,OXY,FANG,EQT,SLB,HAL,BKR,KMI,WMB,OKE,PSX,VLO,HES,CTRA,MPC
0.03826337502755244,0.029999999999999995,0.029999999999999992,0.03,0.03,0.030000000000000002,0.03,0.09586685948431664,0.12999999999999998,0.030000000000000002,0.02999999999999999,0.029999999999999995,0.03,0.12999999999999998,0.03,0.030000000000000002,0.029999999999999995,0.03,0.05586976548813126,0.13