XOM,CVX,COP,EOG,APA,DVN,OXY,FANG,EQT,SLB,HAL,BKR,KMI,WMB,OKE,PSX,VLO,HES,CTRA,MPC
0.03,0.03,0.03,0.03,0.03,0.03,0.03,0.0309764215894391,0.13,0.03,0.03,0.03,0.03,0.13,0.1290235784105605,0.03,0.03,0.03,0.03,0.13