APD,ALB,NEM,FCX,NUE,DOW,DD,LIN,SHW,CTVA,IFF,CF,MLM,VMC,PKG,IP,PPG,ECL,MOS,EMN
0.12629276633758219,0.030000000000000002,0.13,0.03,0.03,0.03,0.029999999999999995,0.0750840208464554,0.08862321281596301,0.03,0.029999999999999995,0.029999999999999995,0.03,0.03,0.13,0.030000000000000002,0.029999999999999992,0.03,0.03,0.03