UNH,JNJ,MRK,LLY,TMO,ABBV,MDT,AMGN,ISRG,DHR,ABT,BMY,VRTX,HUM,CI,GILD,HCA,BIIB,PFE,SYK
0.03,0.13,0.13,0.03,0.03518156607863022,0.03,0.039306571417246985,0.03,0.03,0.029999999999999995,0.03,0.0603688879636689,0.07171541371537452,0.03,0.03,0.13,0.03,0.03,0.043427560825079224,0.03