JPM,BAC,C,PNC,USB,AIG,ALL,TRV,PRU,GS,MS,ICE,BLK,SCHW,MMC,MET,CME,TROW,AXP,COF
0.03,0.029999999999999992,0.03,0.029999999999999995,0.030000000000000002,0.03,0.030000000000000002,0.03,0.030000000000000002,0.09862704878384619,0.12999999999999998,0.06137295121615398,0.13,0.029999999999999995,0.13,0.030000000000000002,0.03,0.03,0.03,0.029999999999999995