KO,PEP,PG,PM,MO,KMB,COST,STZ,HSY,CHD,CL,CAG,SJM,KR,WMT,CLX,KHC,MDLZ,GIS,EL
0.03,0.03,0.03,0.029999999999999995,0.04993018953009897,0.03,0.04647711957069326,0.029999999999999995,0.03,0.05718176632724026,0.13,0.03,0.04210398756947473,0.08074930236687217,0.11265309540645994,0.029999999999999995,0.029999999999999995,0.03,0.12090453922916014,0.03