PLD,AVB,EQR,O,FRT,KIM,BXP,HST,WELL,VTR,DLR,EQIX,CCI,AMT,PSA,EXR,SPG,MAA,IRM,SBAC
0.029999999999999995,0.08618231650770106,0.03,0.13,0.029999999999999995,0.030000000000000002,0.030000000000000002,0.029999999999999995,0.030000000000000002,0.029999999999999995,0.05146319627325238,0.13,0.06269134980125636,0.029999999999999995,0.06882052101331392,0.029999999999999992,0.029999999999999995,0.056892570103743434,0.029999999999999995,0.05395004630073344