UNH,JNJ,MRK,LLY,TMO,ABBV,MDT,AMGN,ISRG,DHR,ABT,BMY,VRTX,HUM,CI,GILD,HCA,BIIB,PFE,SYK
0.03,0.030000000000000002,0.03,0.13,0.03,0.13,0.030000000000000002,0.03,0.13,0.029999999999999995,0.03,0.029999999999999995,0.03562045491412856,0.03,0.03,0.123791828865742,0.030587716220129228,0.03,0.029999999999999995,0.03