META,GOOGL,NFLX,DIS,CMCSA,MTCH,FOXA,FOX,PARA,WBD,IPG,OMC,T,VZ,TMUS,GOOG,CHTR,EA,TTWO,LYV
0.029999999999999995,0.029999999999999995,0.029999999999999995,0.03,0.029999999999999995,0.03,0.03,0.03,0.03,0.030000000000000002,0.03,0.029999999999999995,0.09141600949697774,0.13,0.13,0.030000000000000002,0.029999999999999995,0.13,0.06858399050302243,0.03