NEE,EXC,AWK,ES,AEP,ED,SO,WEC,PEG,PPL,AEE,XEL,SRE,CMS,PNW,D,EVRG,DUK,FE,CNP
0.03776282891991101,0.030000000000000002,0.03,0.029999999999999992,0.030000000000000002,0.030000000000000002,0.13,0.03,0.12999999999999998,0.030000000000000002,0.03,0.03,0.029999999999999992,0.03,0.029999999999999992,0.029999999999999995,0.029999999999999995,0.13,0.03,0.12223717108008852