LMT,RTX,NOC,CAT,DE,PH,HON,MMM,UNP,CSX,FDX,UPS,EXPD,ITW,EMR,ETN,ROK,NSC,CMI,BA
0.13,0.03,0.13,0.029999999999999992,0.03,0.03,0.029999999999999995,0.030427852139447285,0.029999999999999995,0.0917792943937984,0.03,0.05187096896828258,0.13,0.03,0.029999999999999995,0.029999999999999995,0.036785430898320697,0.030000000000000002,0.03913645360015124,0.03