KO,PEP,PG,PM,MO,KMB,COST,STZ,HSY,CHD,CL,CAG,SJM,KR,WMT,CLX,KHC,MDLZ,GIS,EL
0.03,0.09722921537743132,0.029999999999999995,0.05977036418074802,0.07420864120631644,0.03,0.05585449862128708,0.030000000000000002,0.029999999999999995,0.04951795418537817,0.12893465566251425,0.03,0.03,0.0640260083975036,0.09472666909742662,0.03,0.030000000000000002,0.030000000000000002,0.04573199327139445,0.030000000000000002