APD,ALB,NEM,FCX,NUE,DOW,DD,LIN,SHW,CTVA,IFF,CF,MLM,VMC,PKG,IP,PPG,ECL,MOS,EMN
0.029999999999999995,0.03,0.03,0.13,0.0583229979426111,0.03,0.029999999999999992,0.13,0.03,0.042715626164114784,0.029999999999999995,0.0889613758932745,0.029999999999999995,0.03,0.13,0.03,0.03,0.03,0.03,0.03