APD,ALB,NEM,FCX,NUE,DOW,DD,LIN,SHW,CTVA,IFF,CF,MLM,VMC,PKG,IP,PPG,ECL,MOS,EMN
0.029999999999999995,0.030000000000000002,0.04913719209933411,0.13,0.10627129024434338,0.03,0.029999999999999995,0.13,0.05636761416139609,0.03,0.029999999999999995,0.029999999999999995,0.03,0.03,0.10822390349492697,0.030000000000000002,0.029999999999999992,0.03,0.03,0.03