AAPL,MSFT,NVDA,AVGO,ORCL,ADBE,TXN,QCOM,AMD,LRCX,CRM,INTU,NOW,WDAY,CSCO,PANW,FTNT,INTC,CRWD,IBM
0.07186550449730092,0.029999999999999995,0.13,0.13,0.12378075891966686,0.029999999999999995,0.029999999999999995,0.03,0.03,0.029999999999999995,0.029999999999999995,0.030000000000000002,0.029999999999999995,0.03,0.030000000000000002,0.050760325992643025,0.07359341059038964,0.029999999999999995,0.03,0.03