UNH,JNJ,MRK,LLY,TMO,ABBV,MDT,AMGN,ISRG,DHR,ABT,BMY,VRTX,HUM,CI,GILD,HCA,BIIB,PFE,SYK
0.03,0.13,0.13,0.030000000000000002,0.03,0.06847735155208158,0.1030103965096093,0.029999999999999995,0.029999999999999995,0.03,0.03454690773395117,0.06912215963019082,0.0587714758888168,0.029999999999999992,0.03,0.03,0.029999999999999995,0.03,0.046071708685349815,0.029999999999999995