XOM,CVX,COP,EOG,MPC,SLB,BKR,HAL,TRGP,VLO,PSX,DVN,FANG,KMI,WMB,OKE,CTRA,OXY,HES,APA
0.03,0.03,0.03,0.03,0.13,0.03,0.03,0.03,0.13,0.03,0.03,0.03,0.03144244534852652,0.03,0.13,0.12855755465147306,0.03,0.03,0.03,0.03