LIN,SHW,APD,ECL,NUE,FCX,BALL,VMC,MLM,ALB,PPG,DD,DOW,NEM,CTVA,CF,MOS,EMN,IFF,LYB
0.13,0.13,0.10801691775992102,0.03,0.030000000000000002,0.029999999999999995,0.044210245090497716,0.03027846460812879,0.03,0.030000000000000002,0.029999999999999995,0.029999999999999992,0.03,0.12999999999999998,0.03,0.03749437254145238,0.029999999999999995,0.030000000000000002,0.029999999999999995,0.03