AMZN,TSLA,HD,NKE,MCD,LOW,SBUX,TJX,ROST,CMG,ORLY,AZO,YUM,ABNB,BKNG,LULU,ULTA,F,GM,DPZ
0.03,0.11189382076745924,0.03,0.03,0.03,0.03,0.03,0.03,0.029999999999999995,0.11524506540292305,0.13,0.13,0.03,0.030000000000000002,0.06286111382961836,0.03,0.030000000000000002,0.03,0.03,0.029999999999999995