PG,KO,PEP,COST,WMT,CL,MDLZ,KMB,GIS,HSY,MNST,EL,CHD,CLX,MKC,HRL,CAG,KR,SYY,ADM
0.03,0.03,0.03,0.03,0.08506950929024465,0.09632323848663438,0.03,0.03,0.09310653827385044,0.03,0.03,0.03,0.0633924305737916,0.029999999999999995,0.03,0.13,0.03,0.06690229767918188,0.029999999999999995,0.0752059856962966