UNH,LLY,JNJ,ABBV,TMO,PFE,ISRG,VRTX,REGN,DXCM,IDXX,ALGN,CVS,GILD,BMY,BIIB,ABT,SYK,DHR,AMGN
0.04140960405448713,0.030000000000000002,0.13,0.10171733518526319,0.03,0.07017356408451687,0.029999999999999995,0.08639108654980374,0.03,0.03,0.03,0.03,0.029999999999999992,0.043614530331234184,0.13,0.03,0.03,0.03669387979469425,0.03,0.029999999999999995