CAT,UNP,HON,RTX,UPS,CSX,WM,LMT,UBER,ODFL,TDG,PWR,CARR,AME,BA,GE,FDX,NSC,DE,ETN
0.029999999999999992,0.029999999999999995,0.029999999999999995,0.03,0.029999999999999995,0.030000000000000002,0.12847446613533672,0.03,0.029999999999999995,0.03,0.06617243611937963,0.13,0.09535309774528325,0.029999999999999995,0.03,0.12999999999999998,0.03,0.030000000000000002,0.03,0.029999999999999995