GOOGL,META,NFLX,DIS,TMUS,VZ,CMCSA,CHTR,EA,TTWO,PARA,WBD,FOXA,OMC,T,MTCH,FOX,LYV,IPG,NWSA
0.13,0.13,0.12999999999999923,0.03,0.13,0.03,0.029999999999999995,0.029999999999999995,0.030000000000000925,0.029999999999999995,0.03,0.030000000000000002,0.03,0.029999999999999995,0.030000000000000002,0.03,0.03,0.03,0.03,0.03