LIN,SHW,APD,ECL,NUE,FCX,BALL,VMC,MLM,ALB,PPG,DD,DOW,NEM,CTVA,CF,MOS,EMN,IFF,LYB
0.13,0.03772682703153679,0.029999999999999995,0.03,0.12049586687179524,0.13,0.029999999999999995,0.03,0.029999999999999995,0.03,0.03,0.029999999999999992,0.03,0.03,0.059928493976885155,0.10184881211978318,0.03,0.03,0.029999999999999995,0.03