NEE,AEP,XEL,ES,SRE,WEC,DTE,CMS,SO,DUK,D,AWK,ED,PPL,PNW,AEE,PEG,CEG,VST,EVRG
0.03,0.03,0.06401846169988121,0.029999999999999995,0.029999999999999995,0.029999999999999995,0.08634040144401926,0.03,0.13,0.13,0.030000000000000002,0.029999999999999995,0.12517582572139324,0.03,0.029999999999999995,0.03,0.03,0.044465311134705705,0.029999999999999995,0.029999999999999995