PLD,AMT,EQIX,PSA,WELL,DLR,SBAC,INVH,EXR,SPG,O,VTR,KIM,ARE,CCI,EQR,MAA,BXP,HST,AVB
0.03,0.03,0.13,0.13,0.030000000000000002,0.12999999999999998,0.03,0.029999999999999995,0.03,0.03,0.029999999999999995,0.029999999999999995,0.03,0.029999999999999995,0.1300000000000001,0.03,0.03,0.029999999999999995,0.03,0.03