LIN,SHW,APD,ECL,NUE,FCX,BALL,VMC,MLM,ALB,PPG,DD,DOW,NEM,CTVA,CF,MOS,EMN,IFF,LYB
0.13,0.10531509444297633,0.029999999999999995,0.03,0.13,0.13,0.029999999999999995,0.03,0.03,0.030000000000000002,0.029999999999999992,0.029999999999999995,0.03,0.049325358927929185,0.03535954662909504,0.029999999999999995,0.03,0.03,0.029999999999999995,0.03