PLD,AMT,EQIX,PSA,WELL,DLR,SBAC,INVH,EXR,SPG,O,VTR,KIM,ARE,CCI,EQR,MAA,BXP,HST,AVB
0.03,0.03,0.13,0.11822011347536862,0.10358226748279918,0.12999999999999998,0.03,0.029999999999999995,0.03,0.06819761904183178,0.029999999999999995,0.029999999999999995,0.03,0.029999999999999995,0.03,0.03,0.03,0.029999999999999995,0.03,0.03