V,MA,JPM,BAC,WFC,BRK.B,BLK,SCHW,PYPL,COIN,SPGI,MCO,MSCI,USB,PNC,ICE,CME,TFC,BX,GS
0.1278703608163539,0.029999999999999995,0.03,0.030000000000000002,0.03,0.13,0.029999999999999992,0.03,0.03,0.030000000000000002,0.03212963918364597,0.03,0.03,0.03,0.029999999999999992,0.13,0.13,0.03,0.03,0.03