LIN,SHW,APD,ECL,NUE,FCX,BALL,VMC,MLM,ALB,PPG,DD,DOW,NEM,CTVA,CF,MOS,EMN,IFF,LYB
0.13,0.1290426721258781,0.13,0.03,0.03,0.030000000000000002,0.029999999999999995,0.03,0.029999999999999995,0.03,0.03,0.029999999999999992,0.03,0.12294890799994808,0.03800841987417424,0.029999999999999995,0.03,0.03,0.029999999999999995,0.03