NEE,AEP,XEL,ES,SRE,WEC,DTE,CMS,SO,DUK,D,AWK,ED,PPL,PNW,AEE,PEG,CEG,VST,EVRG
0.03,0.03,0.030000000000000002,0.029999999999999995,0.029999999999999995,0.029999999999999995,0.0983336586728433,0.03,0.13,0.061666341327156114,0.030000000000000002,0.029999999999999995,0.029999999999999995,0.03,0.029999999999999995,0.03,0.03,0.13,0.13,0.029999999999999995