XOM,CVX,COP,EOG,MPC,SLB,BKR,HAL,TRGP,VLO,PSX,DVN,FANG,KMI,WMB,OKE,CTRA,OXY,HES,APA
0.03,0.03,0.03,0.03,0.13,0.03,0.03,0.03,0.13,0.03,0.03,0.03,0.031254442307464055,0.03,0.13,0.03,0.12874555769253554,0.03,0.03,0.03