GOOGL,META,NFLX,DIS,TMUS,VZ,CMCSA,CHTR,EA,TTWO,PARA,WBD,FOXA,OMC,T,MTCH,FOX,LYV,IPG,NWSA
0.11619047950806717,0.13,0.03,0.029999999999999992,0.13,0.03,0.03,0.030000000000000002,0.03,0.03,0.03,0.03,0.09015395464227606,0.03,0.03219824292270529,0.030000000000000002,0.029999999999999995,0.07347865282864754,0.03,0.037978670098303774