CAT,UNP,HON,RTX,UPS,CSX,WM,LMT,UBER,ODFL,TDG,PWR,CARR,AME,BA,GE,FDX,NSC,DE,ETN
0.03,0.029999999999999995,0.03,0.029999999999999995,0.13,0.05697675432373337,0.13,0.13,0.029999999999999995,0.029999999999999995,0.029999999999999995,0.029999999999999995,0.10302324567626656,0.03,0.029999999999999995,0.030000000000000002,0.03,0.03,0.029999999999999995,0.029999999999999995