XOM,CVX,COP,EOG,MPC,SLB,BKR,HAL,TRGP,VLO,PSX,DVN,FANG,KMI,WMB,OKE,CTRA,OXY,HES,APA
0.03353531558997186,0.12646468441002773,0.03,0.03,0.03,0.03,0.03,0.03,0.03,0.03,0.03,0.03,0.03,0.13,0.13,0.03,0.13,0.03,0.03,0.03