PG,KO,PEP,COST,WMT,CL,MDLZ,KMB,GIS,HSY,MNST,EL,CHD,CLX,MKC,HRL,CAG,KR,SYY,ADM
0.029999999999999995,0.03,0.0669574862564685,0.03,0.0972086306375079,0.12543197127480735,0.030000000000000002,0.03,0.039508391540846566,0.029999999999999995,0.03,0.030000000000000002,0.08416816653293509,0.03,0.03,0.08004949988316286,0.03,0.049581402552176426,0.03,0.09709445132209528