CAT,UNP,HON,RTX,UPS,CSX,WM,LMT,UBER,ODFL,TDG,PWR,CARR,AME,BA,GE,FDX,NSC,DE,ETN
0.03,0.03,0.03,0.029999999999999995,0.13,0.04496744221846864,0.13,0.13,0.029999999999999995,0.029999999999999995,0.029999999999999995,0.03,0.11503255778153101,0.03,0.03,0.029999999999999995,0.03,0.029999999999999995,0.029999999999999995,0.029999999999999995