PG,KO,PEP,COST,WMT,CL,MDLZ,KMB,GIS,HSY,MNST,EL,CHD,CLX,MKC,HRL,CAG,KR,SYY,ADM
0.029999999999999995,0.03,0.030000000000000002,0.13,0.13,0.03,0.030000000000000002,0.03,0.029999999999999995,0.029999999999999995,0.1249518877300677,0.030000000000000002,0.03,0.03,0.03,0.03,0.03,0.13,0.03,0.035048112269932256