PLD,AMT,EQIX,PSA,WELL,DLR,SBAC,INVH,EXR,SPG,O,VTR,KIM,ARE,CCI,EQR,MAA,BXP,HST,AVB
0.029999999999999995,0.029999999999999995,0.13,0.0697668519867268,0.030000000000000002,0.05245387491522778,0.048013052553205426,0.05303107396915111,0.029999999999999992,0.029999999999999995,0.13,0.029999999999999995,0.030000000000000002,0.029999999999999992,0.056045165264211494,0.03,0.0401171064013809,0.030000000000000002,0.029999999999999995,0.09057287491009702