CAT,UNP,HON,RTX,UPS,CSX,WM,LMT,UBER,ODFL,TDG,PWR,CARR,AME,BA,GE,FDX,NSC,DE,ETN
0.029999999999999992,0.029999999999999995,0.041095530871165874,0.05382057677188229,0.0999888264927693,0.11180775541148037,0.13,0.13,0.029999999999999995,0.03,0.03,0.030000000000000002,0.03,0.04328731045270193,0.03,0.029999999999999995,0.03,0.030000000000000002,0.03,0.029999999999999995