NEE,AEP,XEL,ES,SRE,WEC,DTE,CMS,SO,DUK,D,AWK,ED,PPL,PNW,AEE,PEG,CEG,VST,EVRG
0.03,0.029999999999999995,0.09516387380194813,0.03,0.030000000000000002,0.03,0.029999999999999995,0.03,0.029999999999999995,0.029999999999999995,0.117637846479687,0.03,0.13,0.03,0.03,0.0771982797183645,0.030000000000000002,0.13,0.03,0.03