LIN,SHW,APD,ECL,NUE,FCX,BALL,VMC,MLM,ALB,PPG,DD,DOW,NEM,CTVA,CF,MOS,EMN,IFF,LYB
0.13,0.11479928975413524,0.029999999999999995,0.03,0.04520071024586459,0.13,0.029999999999999992,0.029999999999999995,0.03,0.030000000000000002,0.029999999999999995,0.029999999999999992,0.03,0.029999999999999992,0.03,0.13,0.029999999999999995,0.030000000000000002,0.029999999999999995,0.03