UNH,LLY,JNJ,ABBV,TMO,PFE,ISRG,VRTX,REGN,DXCM,IDXX,ALGN,CVS,GILD,BMY,BIIB,ABT,SYK,DHR,AMGN
0.029999999999999995,0.03331165531303848,0.13,0.05738761393875361,0.03,0.06402843081853732,0.029999999999999995,0.10647538740835827,0.030000000000000002,0.029999999999999995,0.030000000000000002,0.03,0.03,0.13,0.07659679936185887,0.03,0.03,0.03,0.03,0.042200113159453836