AMZN,TSLA,HD,NKE,MCD,LOW,SBUX,TJX,ROST,CMG,ORLY,AZO,YUM,ABNB,BKNG,LULU,ULTA,F,GM,DPZ
0.034525851856347003,0.13,0.03,0.029999999999999995,0.03,0.029999999999999995,0.03,0.029999999999999995,0.03,0.12610906826233795,0.13,0.12936507988131526,0.029999999999999995,0.03,0.029999999999999995,0.029999999999999995,0.029999999999999992,0.03,0.029999999999999992,0.029999999999999995