NEE,AEP,XEL,ES,SRE,WEC,DTE,CMS,SO,DUK,D,AWK,ED,PPL,PNW,AEE,PEG,CEG,VST,EVRG
0.10304986105376165,0.029999999999999995,0.03,0.030000000000000002,0.03,0.03,0.029999999999999995,0.03,0.13,0.03,0.03,0.029999999999999992,0.056950138946239064,0.029999999999999992,0.030000000000000002,0.029999999999999995,0.03,0.13,0.13,0.03