PG,KO,PEP,COST,WMT,CL,MDLZ,KMB,GIS,HSY,MNST,EL,CHD,CLX,MKC,HRL,CAG,KR,SYY,ADM
0.03,0.03,0.03,0.03,0.08506950929024464,0.09632323848663434,0.03,0.03,0.09310653827385036,0.03,0.03,0.03,0.06339243057379165,0.029999999999999995,0.03,0.13,0.03,0.0669022976791819,0.029999999999999995,0.07520598569629663