GOOGL,META,NFLX,DIS,TMUS,VZ,CMCSA,CHTR,EA,TTWO,PARA,WBD,FOXA,OMC,T,MTCH,FOX,LYV,IPG,NWSA
0.029999999999999995,0.030000000000000002,0.030000000000000002,0.030000000000000002,0.13,0.13,0.029999999999999995,0.029999999999999995,0.13,0.07103442854270754,0.03,0.03,0.03,0.03,0.08896557145729243,0.03,0.029999999999999995,0.03,0.03,0.03