AMZN,TSLA,HD,NKE,MCD,LOW,SBUX,TJX,ROST,CMG,ORLY,AZO,YUM,ABNB,BKNG,LULU,ULTA,F,GM,DPZ
0.03528435021061611,0.029999999999999995,0.03,0.03,0.13,0.03,0.03,0.03,0.029999999999999995,0.03,0.13,0.09434389619129101,0.13,0.030000000000000002,0.03,0.03,0.030000000000000002,0.03,0.03,0.060371753598093436