V,MA,JPM,BAC,WFC,BRK.B,BLK,SCHW,PYPL,COIN,SPGI,MCO,MSCI,USB,PNC,ICE,CME,TFC,BX,GS
0.12999999999999998,0.03,0.029999999999999992,0.029999999999999992,0.030000000000000002,0.13,0.030000000000000002,0.03,0.03,0.030000000000000002,0.03,0.03,0.03,0.03,0.029999999999999995,0.13,0.13,0.029999999999999995,0.03,0.03