PG,KO,PEP,COST,WMT,CL,MDLZ,KMB,GIS,HSY,MNST,EL,CHD,CLX,MKC,HRL,CAG,KR,SYY,ADM
0.03,0.03,0.03,0.13,0.13,0.03,0.03,0.03,0.03,0.03,0.0792983066755122,0.03,0.0783417056817762,0.029999999999999995,0.03,0.029999999999999995,0.03,0.13,0.029999999999999995,0.032359987642711044