PLD,AMT,EQIX,PSA,WELL,DLR,SBAC,INVH,EXR,SPG,O,VTR,KIM,ARE,CCI,EQR,MAA,BXP,HST,AVB
0.03,0.029999999999999995,0.13,0.13,0.04934496687304736,0.06030426727383376,0.03,0.029999999999999995,0.13,0.08035076585311839,0.03,0.03,0.030000000000000002,0.03,0.030000000000000002,0.03,0.03,0.029999999999999995,0.029999999999999995,0.03