MSFT,AAPL,NVDA,AVGO,ADBE,CRM,INTU,NOW,PANW,CRWD,ORCL,CSCO,CDNS,AMD,QCOM,SNPS,KLAC,MPWR,ENPH,LRCX
0.13000000000000006,0.13,0.029999999999999995,0.03,0.03,0.030000000000000002,0.029999999999999995,0.03,0.03,0.029999999999999995,0.13,0.12999999999999998,0.029999999999999995,0.029999999999999995,0.03,0.03,0.030000000000000002,0.03,0.029999999999999995,0.03