NEE,AEP,XEL,ES,SRE,WEC,DTE,CMS,SO,DUK,D,AWK,ED,PPL,PNW,AEE,PEG,CEG,VST,EVRG
0.03,0.029999999999999995,0.03,0.03,0.030000000000000002,0.03,0.029999999999999995,0.03,0.12999999999999765,0.030000000000001963,0.029999999999999995,0.03,0.029999999999999995,0.03,0.03,0.03,0.13,0.13,0.13,0.03