UNH,LLY,JNJ,ABBV,TMO,PFE,ISRG,VRTX,REGN,DXCM,IDXX,ALGN,CVS,GILD,BMY,BIIB,ABT,SYK,DHR,AMGN
0.029999999999999995,0.13,0.029999999999999995,0.13,0.03,0.030000000000000002,0.029999999999999995,0.12999999999999998,0.12889928970521908,0.029999999999999995,0.030000000000000002,0.03,0.03,0.031100710294781442,0.03,0.03,0.03,0.03,0.03,0.03