UNH,LLY,JNJ,ABBV,TMO,PFE,ISRG,VRTX,REGN,DXCM,IDXX,ALGN,CVS,GILD,BMY,BIIB,ABT,SYK,DHR,AMGN
0.03,0.13,0.030000000000000002,0.13,0.03,0.029999999999999995,0.11962516662435192,0.040374833375647845,0.03,0.030000000000000002,0.030000000000000002,0.03,0.029999999999999995,0.13,0.029999999999999995,0.03,0.03,0.03,0.029999999999999995,0.03