PG,KO,PEP,COST,WMT,CL,MDLZ,KMB,GIS,HSY,MNST,EL,CHD,CLX,MKC,HRL,CAG,KR,SYY,ADM
0.03,0.03,0.03,0.03,0.0869047044537522,0.1022280348316273,0.03,0.03,0.10169427707205798,0.029999999999999995,0.030000000000000002,0.029999999999999992,0.04955805180277198,0.029999999999999995,0.03,0.12999999999999998,0.029999999999999995,0.06586930575123584,0.030000000000000002,0.0737456260885542