UNH,LLY,JNJ,ABBV,TMO,PFE,ISRG,VRTX,REGN,DXCM,IDXX,ALGN,CVS,GILD,BMY,BIIB,ABT,SYK,DHR,AMGN
0.03,0.03,0.13,0.03,0.03,0.07232063638700321,0.03,0.09584603182646957,0.03,0.030000000000000002,0.030000000000000002,0.03,0.029999999999999995,0.13,0.11939188969308026,0.03,0.03,0.03,0.029999999999999995,0.03244144209344674