XOM,CVX,COP,EOG,MPC,SLB,BKR,HAL,TRGP,VLO,PSX,DVN,FANG,KMI,WMB,OKE,CTRA,OXY,HES,APA
0.0979563518770537,0.13,0.03,0.03,0.03,0.03,0.03,0.03,0.03,0.03,0.03,0.03,0.03,0.13,0.13,0.03,0.06204364812294588,0.03,0.03,0.03