V,MA,JPM,BAC,WFC,BRK.B,BLK,SCHW,PYPL,COIN,SPGI,MCO,MSCI,USB,PNC,ICE,CME,TFC,BX,GS
0.1300000000000001,0.029999999999999995,0.03,0.029999999999999995,0.03,0.13,0.029999999999999995,0.03,0.029999999999999995,0.03,0.03,0.03,0.03,0.03,0.029999999999999992,0.13,0.13,0.029999999999999995,0.03,0.029999999999999992