PG,KO,PEP,COST,WMT,CL,MDLZ,KMB,GIS,HSY,MNST,EL,CHD,CLX,MKC,HRL,CAG,KR,SYY,ADM
0.03,0.03,0.03,0.13,0.13,0.030000000000000002,0.03,0.03,0.03,0.029999999999999995,0.07738922425787614,0.029999999999999992,0.030000000000000002,0.029999999999999995,0.03,0.03,0.029999999999999995,0.13,0.030000000000000002,0.08261077574212329