MSFT,AAPL,NVDA,AVGO,ADBE,CRM,INTU,NOW,PANW,CRWD,ORCL,CSCO,CDNS,AMD,QCOM,SNPS,KLAC,MPWR,ENPH,LRCX
0.029999999999999995,0.08037423986080486,0.13,0.13,0.029999999999999995,0.029999999999999995,0.030000000000000002,0.029999999999999995,0.07470912866818187,0.03,0.13,0.030000000000000002,0.029999999999999995,0.03,0.03,0.03,0.03,0.029999999999999995,0.03491663147101367,0.029999999999999995