CAT,UNP,HON,RTX,UPS,CSX,WM,LMT,UBER,ODFL,TDG,PWR,CARR,AME,BA,GE,FDX,NSC,DE,ETN
0.03,0.03,0.03,0.029999999999999995,0.03,0.03,0.10354720481531067,0.030000000000000002,0.029999999999999995,0.05645279518468902,0.029999999999999995,0.13,0.13,0.03,0.03,0.029999999999999995,0.03,0.029999999999999995,0.029999999999999995,0.13