UNH,LLY,JNJ,ABBV,TMO,PFE,ISRG,VRTX,REGN,DXCM,IDXX,ALGN,CVS,GILD,BMY,BIIB,ABT,SYK,DHR,AMGN
0.09573108888527995,0.13,0.030000000000000002,0.13,0.03,0.029999999999999995,0.1216321523297496,0.07263675878496981,0.03,0.03,0.03,0.03,0.029999999999999992,0.03,0.03,0.03,0.03,0.029999999999999995,0.03,0.029999999999999995