NEE,AEP,XEL,ES,SRE,WEC,DTE,CMS,SO,DUK,D,AWK,ED,PPL,PNW,AEE,PEG,CEG,VST,EVRG
0.03,0.029999999999999995,0.08689022240395575,0.030000000000000002,0.03,0.03,0.029999999999999995,0.03,0.03,0.03,0.13,0.029999999999999992,0.13,0.029999999999999992,0.030000000000000002,0.0731097775960449,0.03,0.13,0.03,0.03