GOOGL,META,NFLX,DIS,TMUS,VZ,CMCSA,CHTR,EA,TTWO,PARA,WBD,FOXA,OMC,T,MTCH,FOX,LYV,IPG,NWSA
0.044430591481779864,0.029999999999999995,0.03,0.029999999999999992,0.11195190553956066,0.13,0.03,0.030000000000000002,0.13,0.04802681317863359,0.03,0.03,0.03,0.03,0.1155906898000258,0.030000000000000002,0.029999999999999995,0.03,0.03,0.029999999999999995