XOM,CVX,COP,EOG,MPC,SLB,BKR,HAL,TRGP,VLO,PSX,DVN,FANG,KMI,WMB,OKE,CTRA,OXY,HES,APA
0.03,0.03,0.03,0.03,0.12977835084074305,0.03,0.03,0.03,0.13,0.03,0.03,0.03,0.03,0.03022164915925654,0.13,0.03,0.13,0.03,0.03,0.03