V,MA,JPM,BAC,WFC,BRK.B,BLK,SCHW,PYPL,COIN,SPGI,MCO,MSCI,USB,PNC,ICE,CME,TFC,BX,GS
0.029999999999999995,0.029999999999999995,0.039945061222204856,0.030000000000000002,0.03,0.13,0.029999999999999992,0.03,0.03,0.030000000000000002,0.03,0.03,0.03,0.03,0.029999999999999992,0.12718810354110066,0.03,0.03,0.12286683523669431,0.13