AMZN,TSLA,HD,NKE,MCD,LOW,SBUX,TJX,ROST,CMG,ORLY,AZO,YUM,ABNB,BKNG,LULU,ULTA,F,GM,DPZ
0.12999999999999998,0.03,0.03,0.029999999999999995,0.13,0.029999999999999995,0.03,0.029999999999999995,0.03,0.029999999999999995,0.13000000000000017,0.029999999999999992,0.029999999999999995,0.03,0.029999999999999995,0.029999999999999995,0.029999999999999992,0.03,0.029999999999999992,0.12999999999999998