MSFT,AAPL,NVDA,AVGO,CRM,ADBE,NOW,INTU,AMD,TXN,MCHP,PANW,SNPS,CDNS,ANET,FTNT,CSCO,IBM,HPQ,MPWR
0.07025315674365191,0.08281525892428881,0.029999999999999995,0.03,0.030000000000000002,0.03,0.03,0.029999999999999995,0.029999999999999995,0.062353201391757866,0.030000000000000002,0.03,0.03,0.029999999999999995,0.029999999999999995,0.029999999999999995,0.12999999999999998,0.13,0.10457838294030176,0.03