AMZN,HD,MCD,NKE,SBUX,BKNG,CMG,LULU,TSLA,ULTA,EBAY,F,YUM,CCL,EXPE,RCL,TJX,ORLY,LOW,ROST
0.04278334008528034,0.11721665991472026,0.13,0.03,0.03,0.029999999999999995,0.029999999999999995,0.03,0.03,0.030000000000000002,0.029999999999999995,0.03,0.13,0.03,0.029999999999999995,0.03,0.03,0.13,0.03,0.029999999999999995