PG,KO,PEP,WMT,COST,CL,KMB,GIS,MDLZ,HSY,CLX,CPB,CAG,KR,MKC,CHD,SJM,EL,MNST,STZ
0.03,0.03,0.03,0.10439825708297472,0.049852332905970555,0.13000000000000003,0.03,0.10073537107133289,0.03,0.029999999999999995,0.029999999999999995,0.03707349091834745,0.029999999999999995,0.08026406413640977,0.03,0.03211638052650938,0.07582927305217374,0.036945527826383225,0.05278530247989777,0.029999999999999992