LIN,APD,SHW,ECL,DD,ALB,PPG,IFF,FCX,NEM,NUE,VMC,MLM,IP,CF,CTVA,AVY,EMN,MOS,BALL
0.13,0.029999999999999995,0.11408256260496288,0.03,0.029999999999999992,0.030000000000000002,0.029999999999999995,0.029999999999999995,0.13,0.029999999999999992,0.04591743739503694,0.029999999999999995,0.03,0.03,0.13,0.03,0.03,0.030000000000000002,0.029999999999999995,0.029999999999999992