GOOGL,META,NFLX,DIS,VZ,TMUS,CHTR,CMCSA,T,PARA,WBD,EA,TTWO,FOXA,NWSA,MTCH,IPG,OMC,FOX,LYV
0.11619047950806721,0.13,0.03,0.029999999999999992,0.03,0.13,0.030000000000000002,0.03,0.032198242922705005,0.03,0.03,0.03,0.03,0.09015395464227609,0.037978670098303795,0.030000000000000002,0.03,0.03,0.029999999999999995,0.07347865282864773