XOM,CVX,COP,EOG,SLB,KMI,OKE,WMB,HAL,MPC,VLO,PSX,BKR,FANG,DVN,HES,APA,CTRA,OXY,TRGP
0.03,0.03,0.03,0.03,0.03,0.03,0.12855755465147298,0.13,0.03,0.13,0.03,0.03,0.03,0.03144244534852661,0.03,0.03,0.03,0.03,0.03,0.13