AMZN,HD,MCD,NKE,SBUX,BKNG,CMG,LULU,TSLA,ULTA,EBAY,F,YUM,CCL,EXPE,RCL,TJX,ORLY,LOW,ROST
0.03,0.03,0.03,0.03,0.03,0.029999999999999995,0.12999999999999998,0.03,0.13,0.030000000000000002,0.029999999999999995,0.03,0.041042683938445915,0.03,0.029999999999999995,0.07677114809999824,0.03,0.13,0.0721861679615564,0.029999999999999995