UNH,JNJ,PFE,ABBV,TMO,ISRG,REGN,VRTX,GILD,BIIB,MRNA,DXCM,EW,CVS,CI,HUM,AMGN,LLY,ZTS,MRK
0.029999999999999995,0.13,0.030000000000000002,0.06834149193164399,0.06498055860329577,0.029999999999999995,0.030000000000000002,0.05999022504175217,0.12668772442330856,0.03,0.030000000000000002,0.029999999999999995,0.03,0.03,0.03,0.03,0.03,0.03,0.03,0.13