JPM,BAC,WFC,MTB,BRK.B,BLK,SPGI,ICE,PGR,CB,MMC,AJG,V,MA,PYPL,CME,MS,GS,PNC,TRV
0.03,0.029999999999999992,0.03,0.029999999999999995,0.11005494417147582,0.03,0.030000000000000002,0.03,0.13,0.029999999999999995,0.13,0.13,0.03,0.03,0.03,0.03,0.049945055828524376,0.029999999999999995,0.029999999999999995,0.03