PLD,AMT,CCI,EQIX,PSA,WELL,DLR,O,AVB,EQR,SBAC,EXR,VTR,BXP,HST,SPG,UDR,KIM,REG,FRT
0.03,0.029999999999999995,0.030000000000000002,0.13,0.13,0.0465702582230979,0.08027142189951872,0.03,0.03,0.03,0.03,0.13,0.03,0.029999999999999995,0.029999999999999995,0.06315831987738298,0.029999999999999992,0.030000000000000002,0.03,0.03