NEE,SO,DUK,D,EXC,XEL,SRE,AEP,VST,CEG,PPL,AWK,ATO,WEC,ED,ETR,FE,PEG,EVRG,CNP
0.03,0.13,0.03291896608027722,0.030000000000000002,0.03,0.030000000000000002,0.029999999999999995,0.03,0.13,0.13,0.03,0.029999999999999995,0.029999999999999995,0.029999999999999995,0.029999999999999995,0.029999999999999995,0.029999999999999995,0.03,0.029999999999999995,0.12708103391972217