PG,KO,PEP,WMT,COST,MNST,CL,CLX,CHD,KMB,GIS,K,CAG,CPB,TSN,HRL,SJM,MKC,MDLZ,SYY
0.03,0.03,0.03,0.12154408984518957,0.04442479788306584,0.03,0.12670105284052047,0.029999999999999995,0.046114824985556434,0.03,0.0582894963452925,0.0545042204514941,0.03,0.03,0.06375949706208983,0.12466202058679086,0.03,0.03,0.03,0.029999999999999995