PG,KO,PEP,WMT,COST,MNST,CL,CLX,CHD,KMB,GIS,K,CAG,CPB,TSN,HRL,SJM,MKC,MDLZ,SYY
0.03,0.03,0.03,0.13,0.13,0.1140231869115804,0.03,0.029999999999999995,0.11795261327265388,0.03,0.03,0.0580241998157651,0.03,0.03,0.029999999999999992,0.029999999999999995,0.03,0.03,0.03,0.029999999999999995