PG,KO,PEP,WMT,COST,MNST,CL,CLX,CHD,KMB,GIS,K,CAG,CPB,TSN,HRL,SJM,MKC,MDLZ,SYY
0.03,0.03,0.03,0.1144353799002717,0.058552273013794204,0.030000000000000002,0.13000000000000003,0.029999999999999995,0.040580209827243245,0.03,0.05833397259802684,0.03322961318033701,0.029999999999999995,0.03,0.05459332844124783,0.12999999999999998,0.05027522303907868,0.03,0.03,0.030000000000000002