NEE,DUK,SO,D,AEP,EXC,SRE,XEL,WEC,ED,CEG,ETR,ES,CMS,AEE,PNW,EVRG,LNT,ATO,NI
0.03,0.03,0.03,0.1287639960631129,0.029999999999999995,0.03,0.03,0.03123600393688778,0.03,0.13,0.13,0.029999999999999992,0.030000000000000002,0.03,0.029999999999999995,0.030000000000000002,0.03,0.03,0.13,0.03