GOOGL,META,NFLX,DIS,CMCSA,T,VZ,WBD,NWSA,CHTR,TMUS,MTCH,PARA,IPG,EA,TTWO,OMC,FOXA,FOX,GOOG
0.03657605500265523,0.12342394499734469,0.13,0.030000000000000002,0.029999999999999995,0.03,0.03,0.03,0.03,0.029999999999999995,0.13,0.03,0.03,0.03,0.029999999999999995,0.03,0.03,0.03,0.029999999999999995,0.12999999999999998