NEE,SO,DUK,D,EXC,XEL,SRE,AEP,VST,CEG,PPL,AWK,ATO,WEC,ED,ETR,FE,PEG,EVRG,CNP
0.03,0.029999999999999995,0.029999999999999995,0.08969310768798018,0.029999999999999995,0.05148580053964308,0.030000000000000002,0.029999999999999995,0.03,0.12333260477937759,0.03,0.03,0.13,0.03,0.13,0.03,0.05548848699299869,0.030000000000000002,0.03,0.03