AVB,ESS,INVH,PLD,ARE,BXP,SPG,FRT,O,KIM,REG,PSA,DLR,EQIX,AMT,CCI,WELL,VTR,EXR,SBAC
0.03,0.03,0.029999999999999995,0.03,0.03,0.029999999999999995,0.0738458519352403,0.03,0.03,0.030000000000000002,0.03,0.13,0.06258417958656587,0.13,0.029999999999999995,0.030000000000000002,0.053569968478193265,0.03,0.13,0.03