XOM,CVX,COP,EOG,SLB,KMI,OKE,WMB,HAL,MPC,VLO,PSX,BKR,FANG,DVN,HES,APA,CTRA,OXY,TRGP
0.03353531558997186,0.12646468441002773,0.03,0.03,0.03,0.13,0.03,0.13,0.03,0.03,0.03,0.03,0.03,0.03,0.03,0.03,0.03,0.13,0.03,0.03