PLD,AMT,CCI,EQIX,PSA,WELL,DLR,O,AVB,EQR,SBAC,EXR,VTR,BXP,HST,SPG,UDR,KIM,REG,FRT
0.03,0.03,0.03,0.13,0.13,0.11255431701427442,0.12999999999999998,0.029999999999999995,0.03,0.03,0.03,0.03020814830713383,0.029999999999999995,0.029999999999999995,0.03,0.047237534678591285,0.03,0.03,0.029999999999999995,0.03