JPM,BAC,WFC,GS,MS,USB,BRK.B,TRV,AIG,ALL,PNC,TFC,COF,AXP,SCHW,SPGI,BLK,CME,ICE,V
0.03,0.029999999999999992,0.03,0.05395929870086844,0.12999999999999998,0.030000000000000002,0.13,0.03,0.03,0.030000000000000002,0.029999999999999995,0.029999999999999995,0.029999999999999995,0.03,0.029999999999999995,0.13,0.10604070129913175,0.03,0.03,0.03