GOOGL,META,NFLX,DIS,CMCSA,T,VZ,WBD,NWSA,CHTR,TMUS,MTCH,PARA,IPG,EA,TTWO,OMC,FOXA,FOX,GOOG
0.03,0.029999999999999995,0.03,0.029999999999999992,0.03,0.12216420857387467,0.13,0.03,0.029999999999999995,0.030000000000000002,0.11283954492992072,0.030000000000000002,0.03,0.03,0.13,0.05283513226336458,0.03,0.03,0.032161114232839905,0.030000000000000002