JPM,BAC,WFC,GS,MS,USB,BRK.B,TRV,AIG,ALL,PNC,TFC,COF,AXP,SCHW,SPGI,BLK,CME,ICE,V
0.03,0.029999999999999995,0.030000000000000002,0.03,0.03,0.030000000000000002,0.13,0.10730983932914198,0.12999999999999998,0.05269016067085822,0.029999999999999992,0.03,0.030000000000000002,0.030000000000000002,0.03,0.03,0.03,0.03,0.13,0.029999999999999995