MSFT,AAPL,NVDA,CRM,ADBE,NOW,AMD,AVGO,ORCL,CSCO,PANW,CRWD,FTNT,INTU,IBM,HPQ,INTC,TXN,QCOM,AMAT
0.03,0.03,0.13,0.030000000000000002,0.03,0.03,0.029999999999999995,0.13,0.12999999999999998,0.03,0.05583212077968524,0.10077789144149274,0.03,0.03,0.03338998777882189,0.03,0.03,0.03,0.029999999999999995,0.03