GOOGL,META,NFLX,DIS,CMCSA,T,VZ,WBD,NWSA,CHTR,TMUS,MTCH,PARA,IPG,EA,TTWO,OMC,FOXA,FOX,GOOG
0.03,0.13,0.031733121030701396,0.029999999999999992,0.03,0.039271361600392476,0.03,0.03,0.07794503930227697,0.030000000000000002,0.13,0.030000000000000002,0.03,0.03,0.03,0.033909129424072176,0.03,0.09907869133984505,0.029999999999999995,0.09806265730271173