JPM,BAC,WFC,GS,MS,USB,BRK.B,TRV,AIG,ALL,PNC,TFC,COF,AXP,SCHW,SPGI,BLK,CME,ICE,V
0.03,0.029999999999999995,0.030000000000000002,0.03,0.03,0.030000000000000002,0.03,0.029999999999999995,0.029999999999999995,0.0895670472942235,0.029999999999999992,0.03,0.030000000000000002,0.030000000000000002,0.03,0.09893006985159102,0.03,0.13,0.13,0.10150288285418566