MSFT,AAPL,NVDA,AVGO,CRM,ADBE,NOW,INTU,AMD,TXN,MCHP,PANW,SNPS,CDNS,ANET,FTNT,CSCO,IBM,HPQ,MPWR
0.11791144341243781,0.042088556587562005,0.029999999999999995,0.029999999999999995,0.030000000000000002,0.03,0.03,0.03,0.029999999999999995,0.13,0.03,0.03,0.03,0.03,0.029999999999999995,0.03,0.12999999999999998,0.13,0.03,0.029999999999999995