NEE,SO,DUK,D,EXC,XEL,SRE,AEP,VST,CEG,PPL,AWK,ATO,WEC,ED,ETR,FE,PEG,EVRG,CNP
0.03,0.06821220313069461,0.029999999999999995,0.029999999999999995,0.029999999999999995,0.03,0.030000000000000002,0.029999999999999995,0.13,0.13,0.03,0.03,0.09178779686930501,0.03,0.029999999999999995,0.03,0.029999999999999995,0.13,0.03,0.03