JPM,BAC,WFC,GS,MS,USB,BRK.B,TRV,AIG,ALL,PNC,TFC,COF,AXP,SCHW,SPGI,BLK,CME,ICE,V
0.029999999999999995,0.03,0.03,0.13,0.13,0.03,0.13,0.030000000000000002,0.029999999999999995,0.029999999999999992,0.029999999999999995,0.029999999999999995,0.03,0.03,0.03,0.03,0.1279321569726006,0.03,0.032067843027399304,0.03