NEE,SO,DUK,D,EXC,XEL,SRE,AEP,VST,CEG,PPL,AWK,ATO,WEC,ED,ETR,FE,PEG,EVRG,CNP
0.09721401598372931,0.13,0.03,0.03,0.03,0.03,0.03,0.029999999999999995,0.13,0.13,0.029999999999999992,0.029999999999999992,0.029999999999999995,0.03,0.06278598401627139,0.029999999999999992,0.029999999999999995,0.03,0.03,0.03