HON,UNP,CAT,DE,LMT,CARR,OTIS,GNRC,PWR,ROK,DOV,EMR,MMM,FTV,TT,XYL,AME,PH,TDG,ITW
0.03,0.12795643667321685,0.03,0.029999999999999995,0.13,0.03204356332678372,0.13,0.029999999999999995,0.029999999999999995,0.03,0.029999999999999992,0.029999999999999995,0.12999999999999998,0.029999999999999995,0.029999999999999995,0.03,0.03,0.03,0.029999999999999995,0.03