RTX,BA,CAT,DE,HON,LMT,MMM,GE,UPS,FDX,ETN,EMR,ITW,PH,ROK,GD,NOC,UNP,NSC,CSX
0.03,0.03,0.12999999999999998,0.03,0.030000000000000002,0.03,0.03,0.13000000000000003,0.029999999999999995,0.03,0.13,0.029999999999999992,0.029999999999999995,0.12999999999999937,0.029999999999999995,0.03,0.0300000000000012,0.029999999999999995,0.03,0.03