JNJ,LLY,MRK,BMY,ISRG,BSX,EW,SYK,MDT,UNH,ELV,CVS,AMGN,VRTX,REGN,GILD,DXCM,IDXX,ALGN,CI
0.13,0.031966671558476,0.13,0.13,0.029999999999999995,0.03,0.030000000000000002,0.029999999999999995,0.058059884283621084,0.03,0.03,0.029999999999999992,0.029999999999999995,0.06994661838053241,0.03,0.06002682577736992,0.03,0.03,0.03,0.03