AMZN,TSLA,HD,MCD,NKE,SBUX,LOW,TJX,BKNG,CMG,ORLY,AZO,LULU,RCL,YUM,ABNB,F,GM,BBY,ULTA
0.03,0.10750735698776638,0.03,0.03,0.03,0.03,0.03,0.03,0.03,0.09680864946145822,0.13,0.13,0.03,0.08568399355077595,0.03,0.030000000000000002,0.03,0.03,0.029999999999999992,0.030000000000000002