JNJ,LLY,MRK,BMY,ISRG,BSX,EW,SYK,MDT,UNH,ELV,CVS,AMGN,VRTX,REGN,GILD,DXCM,IDXX,ALGN,CI
0.030000000000000002,0.13,0.03,0.029999999999999995,0.13,0.029999999999999995,0.03,0.03,0.030000000000000002,0.03,0.029999999999999995,0.029999999999999995,0.03,0.07582242418050132,0.08417757581949843,0.13,0.030000000000000002,0.030000000000000002,0.03,0.03