AVB,ESS,INVH,PLD,ARE,BXP,SPG,FRT,O,KIM,REG,PSA,DLR,EQIX,AMT,CCI,WELL,VTR,EXR,SBAC
0.03,0.03,0.029999999999999995,0.03,0.03,0.029999999999999995,0.03,0.03,0.03,0.030000000000000002,0.03,0.13,0.13,0.13,0.029999999999999995,0.13,0.03,0.03,0.03,0.03