PG,KO,PEP,WMT,COST,CL,KMB,GIS,MDLZ,HSY,CLX,CPB,CAG,KR,MKC,CHD,SJM,EL,MNST,STZ
0.03,0.03,0.03,0.13,0.13,0.03,0.03,0.03,0.03,0.03,0.029999999999999995,0.03,0.03,0.13,0.03,0.06143278192807563,0.03,0.03,0.09856705501004362,0.029999999999999995