AMZN,TSLA,HD,MCD,NKE,SBUX,LOW,TJX,BKNG,CMG,ORLY,AZO,LULU,RCL,YUM,ABNB,F,GM,BBY,ULTA
0.0395136925943532,0.029999999999999995,0.03,0.13,0.03,0.03,0.03,0.03,0.03,0.03,0.13,0.12048630740564739,0.03,0.03,0.13,0.030000000000000002,0.03,0.03,0.029999999999999992,0.030000000000000002