AMZN,HD,MCD,NKE,SBUX,BKNG,CMG,LULU,TSLA,ULTA,EBAY,F,YUM,CCL,EXPE,RCL,TJX,ORLY,LOW,ROST
0.13,0.030000000000000002,0.030509454419804696,0.029999999999999995,0.030000000000000002,0.03,0.13,0.029999999999999995,0.12949054558019563,0.03,0.029999999999999992,0.029999999999999995,0.029999999999999992,0.03,0.029999999999999995,0.03,0.03,0.13,0.03,0.03