JNJ,LLY,MRK,BMY,ISRG,BSX,EW,SYK,MDT,UNH,ELV,CVS,AMGN,VRTX,REGN,GILD,DXCM,IDXX,ALGN,CI
0.030000000000000002,0.13,0.029999999999999995,0.03,0.08705462643298678,0.13,0.030000000000000002,0.029999999999999995,0.03,0.09526458210438284,0.03,0.029999999999999992,0.029999999999999995,0.0753538621638974,0.03,0.06232692929873233,0.03,0.03,0.03,0.03