PG,KO,PEP,WMT,COST,CL,KMB,GIS,MDLZ,HSY,CLX,CPB,CAG,KR,MKC,CHD,SJM,EL,MNST,STZ
0.03,0.03,0.03,0.12019208844861237,0.03639202141997658,0.13,0.03,0.11909412311362923,0.03,0.03,0.029999999999999995,0.03,0.03,0.08110365506614668,0.03,0.05830748575523161,0.03965438882783268,0.03,0.05525623736857033,0.029999999999999995