AMZN,HD,MCD,NKE,SBUX,BKNG,CMG,LULU,TSLA,ULTA,EBAY,F,YUM,CCL,EXPE,RCL,TJX,ORLY,LOW,ROST
0.13,0.030000000000000002,0.13,0.029999999999999995,0.06296945622782556,0.03,0.03,0.029999999999999995,0.03,0.03,0.04402826061507807,0.029999999999999995,0.08300228315709664,0.03,0.029999999999999995,0.03,0.03,0.13,0.03,0.03