UNH,JNJ,PFE,ABBV,TMO,ISRG,REGN,VRTX,GILD,BIIB,MRNA,DXCM,EW,CVS,CI,HUM,AMGN,LLY,ZTS,MRK
0.03,0.13,0.03311258573658246,0.0578263078604665,0.07359778766875047,0.03,0.03,0.055463318734200434,0.13,0.03,0.029999999999999995,0.030000000000000002,0.03,0.029999999999999995,0.03,0.03,0.03,0.03,0.03,0.13