LIN,APD,SHW,ECL,PPG,ALB,CF,MOS,IFF,CTVA,LYB,EMN,DOW,DD,IP,NUE,VMC,MLM,FCX,PKG
0.13,0.029999999999999995,0.030846768586837974,0.03,0.03,0.03,0.0853621090113434,0.03,0.029999999999999995,0.04177519243550594,0.03,0.03,0.03,0.029999999999999992,0.03,0.062015929966313006,0.03,0.029999999999999995,0.13,0.13