MSFT,AAPL,NVDA,CRM,ADBE,NOW,AMD,AVGO,ORCL,CSCO,PANW,CRWD,FTNT,INTU,IBM,HPQ,INTC,TXN,QCOM,AMAT
0.030000000000000002,0.03166251069119758,0.13,0.030000000000000002,0.03,0.03,0.029999999999999995,0.13,0.029999999999999995,0.03,0.12833748930880276,0.029999999999999995,0.029999999999999995,0.029999999999999995,0.13,0.029999999999999995,0.030000000000000002,0.030000000000000002,0.03,0.03