GOOGL,META,NFLX,DIS,CMCSA,T,VZ,WBD,NWSA,CHTR,TMUS,MTCH,PARA,IPG,EA,TTWO,OMC,FOXA,FOX,GOOG
0.048077582255529515,0.13,0.11192241774447062,0.03,0.029999999999999995,0.030000000000000002,0.03,0.030000000000000002,0.03,0.029999999999999995,0.13,0.03,0.03,0.03,0.03,0.029999999999999995,0.029999999999999995,0.03,0.03,0.13