PLD,AMT,CCI,EQIX,PSA,WELL,DLR,O,AVB,EQR,SBAC,EXR,VTR,BXP,HST,SPG,UDR,KIM,REG,FRT
0.029999999999999995,0.029999999999999995,0.054362268625729404,0.13,0.08561413970556589,0.030000000000000002,0.0641362984215572,0.13,0.07671479532188702,0.03,0.06917249792526108,0.029999999999999992,0.029999999999999995,0.030000000000000002,0.029999999999999995,0.029999999999999995,0.029999999999999995,0.030000000000000002,0.029999999999999992,0.029999999999999995