MSFT,AAPL,NVDA,CRM,ADBE,NOW,AMD,AVGO,ORCL,CSCO,PANW,CRWD,FTNT,INTU,IBM,HPQ,INTC,TXN,QCOM,AMAT
0.038607864231389705,0.03,0.029999999999999995,0.029999999999999995,0.029999999999999995,0.029999999999999995,0.03,0.030000000000000002,0.13,0.13,0.030000000000000002,0.03,0.029999999999999995,0.030000000000000002,0.12999999999999998,0.029999999999999995,0.029999999999999995,0.12139213576861076,0.03,0.029999999999999995