HON,UNP,CAT,DE,LMT,CARR,OTIS,GNRC,PWR,ROK,DOV,EMR,MMM,FTV,TT,XYL,AME,PH,TDG,ITW
0.029999999999999995,0.029999999999999995,0.029999999999999992,0.054664981867288485,0.03,0.11274398280500599,0.03,0.029999999999999995,0.13,0.03,0.029999999999999995,0.029999999999999995,0.029999999999999995,0.029999999999999995,0.029999999999999995,0.03,0.029999999999999995,0.12259103532770506,0.13,0.03