XOM,CVX,COP,OXY,HES,MPC,PSX,VLO,SLB,HAL,BKR,KMI,WMB,OKE,TRGP,EOG,DVN,FANG,APA,EQT
0.03,0.03,0.03,0.03,0.03,0.13,0.03,0.03,0.03,0.03,0.03,0.03,0.1294547730780616,0.03,0.13,0.03,0.03,0.03054522692193798,0.03,0.13