PG,KO,PEP,WMT,COST,MNST,CL,CLX,CHD,KMB,GIS,K,CAG,CPB,TSN,HRL,SJM,MKC,MDLZ,SYY
0.03,0.03,0.03,0.13,0.13,0.13,0.03120581087444907,0.029999999999999995,0.030000000000000002,0.03,0.06500993538239289,0.09378425374315749,0.029999999999999995,0.03,0.029999999999999995,0.03,0.029999999999999995,0.03,0.03,0.030000000000000002