LIN,APD,SHW,ECL,DD,ALB,PPG,IFF,FCX,NEM,NUE,VMC,MLM,IP,CF,CTVA,AVY,EMN,MOS,BALL
0.13,0.13,0.08267641959270482,0.03,0.029999999999999992,0.03,0.03,0.029999999999999995,0.030000000000000002,0.129560422909321,0.03,0.03,0.029999999999999995,0.07776315749797463,0.029999999999999995,0.030000000000000002,0.030000000000000002,0.03,0.03,0.029999999999999995