PG,KO,PEP,WMT,COST,CL,KMB,GIS,MDLZ,HSY,CLX,CPB,CAG,KR,MKC,CHD,SJM,EL,MNST,STZ
0.03,0.03,0.03,0.12019208844861225,0.036392021419976654,0.13,0.03,0.1190941231136294,0.03,0.03,0.029999999999999995,0.03,0.03,0.08110365506614668,0.03,0.05830748575523167,0.0396543888278325,0.03,0.055256237368570355,0.029999999999999995