JNJ,LLY,MRK,BMY,ISRG,BSX,EW,SYK,MDT,UNH,ELV,CVS,AMGN,VRTX,REGN,GILD,DXCM,IDXX,ALGN,CI
0.13,0.03,0.13,0.07144174909934127,0.029999999999999995,0.029999999999999995,0.03,0.03,0.029999999999999995,0.029999999999999995,0.03,0.03,0.03,0.08855825090065926,0.030000000000000002,0.13,0.029999999999999995,0.030000000000000002,0.03,0.03