UNH,JNJ,PFE,ABBV,TMO,ISRG,REGN,VRTX,GILD,BIIB,MRNA,DXCM,EW,CVS,CI,HUM,AMGN,LLY,ZTS,MRK
0.03,0.030000000000000002,0.029999999999999995,0.13,0.03,0.13,0.03,0.03,0.051366460410918156,0.03,0.10863353958908163,0.030000000000000002,0.03,0.029999999999999995,0.03,0.03,0.03,0.13,0.03,0.03