MSFT,AAPL,NVDA,AVGO,CRM,ADBE,NOW,INTU,AMD,TXN,MCHP,PANW,SNPS,CDNS,ANET,FTNT,CSCO,IBM,HPQ,MPWR
0.03,0.03,0.13,0.13,0.030000000000000002,0.03,0.03,0.03,0.029999999999999995,0.03,0.03,0.09322969192206836,0.03,0.03,0.13,0.061238223699341905,0.03,0.03553208437858956,0.03,0.029999999999999995