MSFT,AAPL,NVDA,AVGO,CRM,ADBE,NOW,INTU,AMD,TXN,MCHP,PANW,SNPS,CDNS,ANET,FTNT,CSCO,IBM,HPQ,MPWR
0.030000000000000002,0.03,0.13,0.12476334541781132,0.030000000000000002,0.03,0.03,0.029999999999999995,0.029999999999999995,0.030000000000000002,0.030000000000000002,0.12888582679307534,0.03,0.029999999999999995,0.03635082778911367,0.029999999999999995,0.03,0.13,0.029999999999999995,0.03