LIN,APD,SHW,ECL,PPG,ALB,CF,MOS,IFF,CTVA,LYB,EMN,DOW,DD,IP,NUE,VMC,MLM,FCX,PKG
0.13,0.13,0.1299999999999994,0.03,0.03,0.03,0.029999999999999995,0.03,0.029999999999999995,0.030000000000000002,0.03,0.03,0.03,0.029999999999999992,0.03,0.03,0.03,0.029999999999999995,0.030000000000000002,0.13