NEE,DUK,SO,D,AEP,EXC,SRE,XEL,WEC,ED,CEG,ETR,ES,CMS,AEE,PNW,EVRG,LNT,ATO,NI
0.03,0.0323307834796937,0.13,0.029999999999999995,0.029999999999999995,0.029999999999999995,0.030000000000000002,0.03,0.03,0.029999999999999995,0.13,0.03,0.03,0.03,0.03,0.03,0.03,0.030000000000000002,0.1276692165203059,0.13