PLD,AMT,CCI,EQIX,PSA,WELL,DLR,O,AVB,EQR,SBAC,EXR,VTR,BXP,HST,SPG,UDR,KIM,REG,FRT
0.029999999999999995,0.029999999999999995,0.03,0.03,0.12810232486768536,0.13,0.029999999999999995,0.03,0.03,0.03,0.03,0.029999999999999992,0.13,0.030000000000000002,0.029999999999999995,0.13,0.029999999999999995,0.031897675132315305,0.029999999999999992,0.029999999999999995