RTX,BA,CAT,DE,HON,LMT,MMM,GE,UPS,FDX,ETN,EMR,ITW,PH,ROK,GD,NOC,UNP,NSC,CSX
0.029999999999999995,0.029999999999999995,0.13,0.030000000000005408,0.03,0.030000000000000002,0.03,0.1299999999999951,0.03,0.03,0.13,0.03,0.03,0.13,0.029999999999999995,0.03,0.03,0.029999999999999995,0.03,0.03