AVB,ESS,INVH,PLD,ARE,BXP,SPG,FRT,O,KIM,REG,PSA,DLR,EQIX,AMT,CCI,WELL,VTR,EXR,SBAC
0.03,0.03,0.029999999999999995,0.03,0.029999999999999995,0.029999999999999995,0.05703377405836649,0.03,0.029999999999999995,0.03,0.029999999999999995,0.1266750764640651,0.12999999999999998,0.13,0.03,0.03,0.10629114947756796,0.029999999999999995,0.03,0.03