PLD,AMT,CCI,EQIX,PSA,WELL,DLR,O,AVB,EQR,SBAC,EXR,VTR,BXP,HST,SPG,UDR,KIM,REG,FRT
0.03,0.03,0.1300000000000001,0.13,0.13,0.030000000000000002,0.12999999999999998,0.029999999999999995,0.03,0.03,0.03,0.03,0.029999999999999995,0.029999999999999995,0.03,0.03,0.03,0.03,0.029999999999999995,0.03