HON,UNP,CAT,DE,LMT,CARR,OTIS,GNRC,PWR,ROK,DOV,EMR,MMM,FTV,TT,XYL,AME,PH,TDG,ITW
0.03,0.11642784370274635,0.03,0.029999999999999995,0.13,0.037107340860483125,0.13,0.03,0.03,0.029999999999999992,0.030000000000000002,0.029999999999999992,0.13,0.03,0.03,0.029999999999999995,0.03,0.03,0.029999999999999995,0.036464815436770964