GOOGL,META,NFLX,DIS,CMCSA,T,VZ,WBD,NWSA,CHTR,TMUS,MTCH,PARA,IPG,EA,TTWO,OMC,FOXA,FOX,GOOG
0.029999999999999995,0.029999999999999995,0.029999999999999995,0.03,0.029999999999999995,0.08959249451952625,0.13,0.030000000000000002,0.03,0.029999999999999995,0.13,0.03,0.03,0.03,0.13,0.0704075054804739,0.029999999999999995,0.03,0.03,0.030000000000000002