HON,UNP,CAT,DE,LMT,CARR,OTIS,GNRC,PWR,ROK,DOV,EMR,MMM,FTV,TT,XYL,AME,PH,TDG,ITW
0.03,0.029999999999999995,0.03342161972032639,0.029999999999999995,0.03,0.13,0.13,0.029999999999999995,0.13,0.03,0.029999999999999992,0.029999999999999995,0.029999999999999995,0.029999999999999995,0.12657838027967414,0.03,0.03,0.03,0.029999999999999995,0.03