LIN,APD,SHW,ECL,PPG,ALB,CF,MOS,IFF,CTVA,LYB,EMN,DOW,DD,IP,NUE,VMC,MLM,FCX,PKG
0.13,0.029999999999999995,0.0761430542429637,0.03,0.029999999999999992,0.030000000000000002,0.029999999999999995,0.03,0.029999999999999995,0.03,0.03,0.03,0.03,0.029999999999999995,0.030000000000000002,0.11885420582620825,0.03,0.03,0.13,0.0950027399308287