JPM,BAC,WFC,MTB,BRK.B,BLK,SPGI,ICE,PGR,CB,MMC,AJG,V,MA,PYPL,CME,MS,GS,PNC,TRV
0.029999999999999995,0.03,0.03,0.03,0.12999999999999998,0.03,0.03,0.13,0.13,0.03,0.029999999999999992,0.03,0.03,0.03,0.030000000000000002,0.13,0.03,0.03,0.029999999999999995,0.030000000000000002