AVB,ESS,INVH,PLD,ARE,BXP,SPG,FRT,O,KIM,REG,PSA,DLR,EQIX,AMT,CCI,WELL,VTR,EXR,SBAC
0.03,0.03,0.029999999999999995,0.029999999999999995,0.029999999999999992,0.030000000000000002,0.13,0.029999999999999995,0.03,0.030000000000000002,0.029999999999999992,0.13,0.029999999999999995,0.030317971965647107,0.029999999999999995,0.03,0.13,0.12968202803435358,0.029999999999999992,0.03