PG,KO,PEP,WMT,COST,CL,KMB,GIS,MDLZ,HSY,CLX,CPB,CAG,KR,MKC,CHD,SJM,EL,MNST,STZ
0.029999999999999995,0.07317696486774308,0.0852815596242655,0.11154533033123006,0.0404429258917039,0.13,0.03,0.039039984692178634,0.030000000000000002,0.03932991436771057,0.03,0.03,0.03,0.06816157179267092,0.03,0.06457699222398694,0.03,0.030000000000000002,0.048444756208510326,0.030000000000000002