NEE,SO,DUK,D,EXC,XEL,SRE,AEP,VST,CEG,PPL,AWK,ATO,WEC,ED,ETR,FE,PEG,EVRG,CNP
0.03,0.11839004836014733,0.13,0.030000000000000002,0.03,0.05818304648671387,0.029999999999999995,0.03,0.029999999999999995,0.040396980232119496,0.03,0.029999999999999995,0.11872370278724254,0.029999999999999995,0.10535325393184305,0.029999999999999995,0.03895296820193317,0.03,0.029999999999999995,0.03