AMZN,HD,MCD,NKE,SBUX,BKNG,CMG,LULU,TSLA,ULTA,EBAY,F,YUM,CCL,EXPE,RCL,TJX,ORLY,LOW,ROST
0.13,0.030649419063335574,0.13,0.029999999999999992,0.06128607174625011,0.029999999999999995,0.029999999999999992,0.03,0.03,0.03,0.045591827506590715,0.03,0.0824726816838239,0.029999999999999995,0.030000000000000002,0.030000000000000002,0.029999999999999992,0.12999999999999998,0.03,0.03