RTX,BA,CAT,DE,HON,LMT,MMM,GE,UPS,FDX,ETN,EMR,ITW,PH,ROK,GD,NOC,UNP,NSC,CSX
0.029999999999999995,0.029999999999999995,0.03,0.03,0.03,0.13,0.12684049235125225,0.029999999999999995,0.13,0.03,0.03,0.03,0.03,0.03,0.029999999999999995,0.03,0.13,0.029999999999999995,0.03,0.033159507648748414