RTX,BA,CAT,DE,HON,LMT,MMM,GE,UPS,FDX,ETN,EMR,ITW,PH,ROK,GD,NOC,UNP,NSC,CSX
0.03,0.03,0.029999999999999992,0.03,0.030000000000000002,0.13,0.12136335382263193,0.030000000000000002,0.13,0.03,0.029999999999999995,0.029999999999999992,0.029999999999999995,0.03,0.029999999999999995,0.03,0.12999999999999998,0.029999999999999995,0.03,0.03863664617736851