LIN,APD,SHW,ECL,PPG,ALB,CF,MOS,IFF,CTVA,LYB,EMN,DOW,DD,IP,NUE,VMC,MLM,FCX,PKG
0.13,0.029999999999999995,0.10923483940879172,0.03,0.029999999999999995,0.030000000000000002,0.11794018637103987,0.029999999999999995,0.029999999999999995,0.03,0.03,0.030000000000000002,0.03,0.029999999999999992,0.03,0.030000000000000002,0.029999999999999995,0.03,0.13,0.06282497422016825