AMZN,TSLA,HD,MCD,NKE,SBUX,LOW,TJX,BKNG,CMG,ORLY,AZO,LULU,RCL,YUM,ABNB,F,GM,BBY,ULTA
0.12999999999999998,0.03,0.03,0.13,0.029999999999999995,0.04551840915101971,0.029999999999999995,0.029999999999999995,0.029999999999999995,0.029999999999999995,0.13,0.11448159084898048,0.029999999999999995,0.03,0.029999999999999995,0.03,0.03,0.029999999999999992,0.029999999999999992,0.029999999999999992