XOM,CVX,COP,OXY,HES,MPC,PSX,VLO,SLB,HAL,BKR,KMI,WMB,OKE,TRGP,EOG,DVN,FANG,APA,EQT
0.03,0.03,0.03,0.03,0.03,0.12974533881081382,0.03,0.03,0.03,0.03,0.03,0.030254661189185766,0.13,0.03,0.13,0.03,0.03,0.03,0.03,0.13