UNH,JNJ,PFE,ABBV,TMO,ISRG,REGN,VRTX,GILD,BIIB,MRNA,DXCM,EW,CVS,CI,HUM,AMGN,LLY,ZTS,MRK
0.029999999999999995,0.029999999999999995,0.030000000000000002,0.13,0.03,0.029999999999999995,0.1176791356958614,0.07760356487127255,0.03,0.03,0.09471729943286661,0.029999999999999995,0.03,0.03,0.03,0.03,0.03,0.13,0.03,0.030000000000000002