NEE,DUK,SO,D,AEP,EXC,SRE,XEL,WEC,ED,CEG,ETR,ES,CMS,AEE,PNW,EVRG,LNT,ATO,NI
0.03,0.029999999999999995,0.029999999999999995,0.10691992707898397,0.029999999999999995,0.029999999999999995,0.030000000000000002,0.053080072921015645,0.03,0.13,0.13,0.03,0.03,0.03,0.03,0.03,0.03,0.030000000000000002,0.13,0.03