NEE,SO,DUK,D,EXC,XEL,SRE,AEP,VST,CEG,PPL,AWK,ATO,WEC,ED,ETR,FE,PEG,EVRG,CNP
0.03,0.03,0.03,0.11310408008727758,0.03,0.03,0.03,0.029999999999999995,0.03,0.12189330533235128,0.029999999999999992,0.029999999999999992,0.13,0.03,0.13,0.029999999999999992,0.055002614580371846,0.03,0.03,0.03