LIN,APD,SHW,ECL,PPG,ALB,CF,MOS,IFF,CTVA,LYB,EMN,DOW,DD,IP,NUE,VMC,MLM,FCX,PKG
0.13,0.12999999999999998,0.13,0.046828614874002285,0.029999999999999995,0.030000000000000002,0.038474436432741926,0.029999999999999995,0.029999999999999995,0.03,0.03,0.030000000000000002,0.03,0.029999999999999992,0.03,0.030000000000000002,0.029999999999999995,0.03,0.029999999999999995,0.10469694869325563