GOOGL,META,NFLX,DIS,VZ,TMUS,CHTR,CMCSA,T,PARA,WBD,EA,TTWO,FOXA,NWSA,MTCH,IPG,OMC,FOX,LYV
0.04443059148177984,0.029999999999999995,0.03,0.029999999999999992,0.13,0.11195190553956062,0.030000000000000002,0.03,0.11559068980002583,0.03,0.03,0.13,0.04802681317863369,0.03,0.029999999999999995,0.030000000000000002,0.03,0.03,0.029999999999999995,0.03