PG,KO,PEP,WMT,COST,MNST,CL,CLX,CHD,KMB,GIS,K,CAG,CPB,TSN,HRL,SJM,MKC,MDLZ,SYY
0.03,0.03,0.03,0.13,0.13,0.11402318691157957,0.03,0.029999999999999995,0.11795261327265376,0.03,0.03,0.05802419981576606,0.03,0.03,0.029999999999999992,0.029999999999999995,0.03,0.03,0.03,0.029999999999999995