XOM,CVX,COP,OXY,HES,MPC,PSX,VLO,SLB,HAL,BKR,KMI,WMB,OKE,TRGP,EOG,DVN,FANG,APA,EQT
0.05546244311053175,0.1212985360348789,0.029999999999999992,0.03,0.03,0.03,0.030000000000000002,0.029999999999999995,0.030000000000000002,0.02999999999999999,0.029999999999999995,0.13,0.12999999999999998,0.03,0.03,0.03,0.030000000000000002,0.029999999999999995,0.03,0.11323902085458906