MSFT,AAPL,NVDA,CRM,ADBE,NOW,AMD,AVGO,ORCL,CSCO,PANW,CRWD,FTNT,INTU,IBM,HPQ,INTC,TXN,QCOM,AMAT
0.06391732851619149,0.06082066366674345,0.029999999999999995,0.030000000000000002,0.03,0.03,0.029999999999999995,0.03,0.0689541343965553,0.12999999999999998,0.03,0.029999999999999995,0.029999999999999995,0.029999999999999995,0.13,0.07964778606343066,0.030000000000000002,0.0766600873570794,0.03,0.03