XOM,CVX,COP,EOG,SLB,KMI,OKE,WMB,HAL,MPC,VLO,PSX,BKR,FANG,DVN,HES,APA,CTRA,OXY,TRGP
0.03,0.03,0.03,0.03,0.03,0.03,0.03,0.13,0.03,0.13,0.03,0.03,0.03,0.03125444230746448,0.03,0.03,0.03,0.1287455576925351,0.03,0.13