LIN,APD,SHW,ECL,DD,ALB,PPG,IFF,FCX,NEM,NUE,VMC,MLM,IP,CF,CTVA,AVY,EMN,MOS,BALL
0.13,0.029999999999999995,0.08968394182561368,0.03,0.029999999999999995,0.030000000000000002,0.029999999999999992,0.029999999999999995,0.13,0.06397891847226733,0.13,0.03,0.03,0.030000000000000002,0.029999999999999995,0.03633713970211955,0.03,0.03,0.03,0.029999999999999995