AMZN,TSLA,HD,MCD,NKE,SBUX,LOW,TJX,BKNG,CMG,ORLY,AZO,LULU,RCL,YUM,ABNB,F,GM,BBY,ULTA
0.12999999999999998,0.03,0.029999999999999992,0.13,0.03,0.04212774984841027,0.03,0.029999999999999992,0.03,0.029999999999999995,0.13,0.10126741112299341,0.029999999999999995,0.03,0.03,0.046604839028596794,0.029999999999999995,0.029999999999999995,0.03,0.029999999999999995