JPM,BAC,WFC,MTB,BRK.B,BLK,SPGI,ICE,PGR,CB,MMC,AJG,V,MA,PYPL,CME,MS,GS,PNC,TRV
0.03,0.029999999999999995,0.030000000000000002,0.030000000000000002,0.12946372984519636,0.03,0.03,0.030536270154803577,0.13,0.03,0.13,0.13,0.029999999999999995,0.029999999999999995,0.03,0.03,0.03,0.03,0.029999999999999992,0.029999999999999995