LIN,APD,SHW,ECL,DD,ALB,PPG,IFF,FCX,NEM,NUE,VMC,MLM,IP,CF,CTVA,AVY,EMN,MOS,BALL
0.13,0.0973285880897283,0.11669507266930247,0.03,0.029999999999999992,0.030000000000000002,0.029999999999999995,0.029999999999999995,0.029999999999999995,0.12999999999999998,0.030000000000000002,0.029999999999999995,0.03,0.05564843658401385,0.04080391176564162,0.03,0.03,0.030000000000000002,0.029999999999999995,0.03952399089131364