HON,UNP,CAT,DE,LMT,CARR,OTIS,GNRC,PWR,ROK,DOV,EMR,MMM,FTV,TT,XYL,AME,PH,TDG,ITW
0.03,0.03,0.03100361250287795,0.029999999999999995,0.030000000000000002,0.13,0.13,0.03,0.13,0.029999999999999992,0.030000000000000002,0.029999999999999992,0.03,0.03,0.12899638749712256,0.029999999999999995,0.03,0.03,0.029999999999999995,0.029999999999999995