MSFT,AAPL,NVDA,CRM,ADBE,NOW,AMD,AVGO,ORCL,CSCO,PANW,CRWD,FTNT,INTU,IBM,HPQ,INTC,TXN,QCOM,AMAT
0.029999999999999995,0.06808466269759486,0.13,0.029999999999999995,0.029999999999999995,0.029999999999999995,0.03,0.13,0.12468094976289741,0.030000000000000002,0.054601358573020696,0.03,0.07263302896648742,0.030000000000000002,0.03,0.029999999999999995,0.029999999999999995,0.029999999999999995,0.03,0.029999999999999995