UNH,JNJ,PFE,ABBV,TMO,ISRG,REGN,VRTX,GILD,BIIB,MRNA,DXCM,EW,CVS,CI,HUM,AMGN,LLY,ZTS,MRK
0.03,0.13,0.038854171207753786,0.12214193322180081,0.0614861733509392,0.029999999999999995,0.03,0.05247480359340869,0.0590994266272631,0.03,0.03,0.03,0.030000000000000002,0.029999999999999992,0.03,0.029999999999999992,0.029999999999999995,0.030000000000000002,0.04594349199883393,0.13