PG,KO,PEP,WMT,COST,MNST,CL,CLX,CHD,KMB,GIS,K,CAG,CPB,TSN,HRL,SJM,MKC,MDLZ,SYY
0.029999999999999995,0.03,0.04658128376362499,0.11256341659806353,0.05179044693914236,0.06236526937328338,0.13,0.03,0.051170698808509316,0.03,0.029999999999999995,0.08561215115729394,0.03,0.03,0.06897512916405535,0.060941604196027184,0.03,0.03,0.030000000000000002,0.03