JNJ,LLY,MRK,BMY,ISRG,BSX,EW,SYK,MDT,UNH,ELV,CVS,AMGN,VRTX,REGN,GILD,DXCM,IDXX,ALGN,CI
0.029999999999999995,0.13,0.0359843222364174,0.03,0.029999999999999995,0.029999999999999995,0.03,0.03,0.029999999999999995,0.11822611067919687,0.03,0.03,0.03,0.12999999999999998,0.13,0.03578956708438617,0.029999999999999995,0.030000000000000002,0.03,0.03