AVB,ESS,INVH,PLD,ARE,BXP,SPG,FRT,O,KIM,REG,PSA,DLR,EQIX,AMT,CCI,WELL,VTR,EXR,SBAC
0.08288924535359869,0.03,0.06566276470480596,0.029999999999999995,0.029999999999999992,0.030000000000000002,0.029999999999999995,0.029999999999999995,0.13,0.030000000000000002,0.029999999999999992,0.0759992228721509,0.05552241403012541,0.13,0.029999999999999995,0.05122365200574636,0.030000000000000002,0.029999999999999995,0.029999999999999992,0.048702701033573256