MSFT,AAPL,NVDA,AVGO,CRM,ADBE,NOW,INTU,AMD,TXN,MCHP,PANW,SNPS,CDNS,ANET,FTNT,CSCO,IBM,HPQ,MPWR
0.12884812853475536,0.031151871465245135,0.029999999999999995,0.030000000000000002,0.029999999999999995,0.029999999999999995,0.029999999999999995,0.030000000000000002,0.03,0.12999999999999998,0.03,0.030000000000000002,0.03,0.029999999999999995,0.03,0.029999999999999995,0.13,0.12999999999999998,0.029999999999999995,0.029999999999999995