LIN,APD,SHW,ECL,DD,ALB,PPG,IFF,FCX,NEM,NUE,VMC,MLM,IP,CF,CTVA,AVY,EMN,MOS,BALL
0.13,0.13,0.10726264323800745,0.03,0.029999999999999995,0.030000000000000002,0.029999999999999992,0.029999999999999995,0.03,0.13,0.03,0.03,0.03,0.052737356761993155,0.029999999999999995,0.03,0.03,0.03,0.03,0.029999999999999995