XOM,CVX,COP,EOG,SLB,KMI,OKE,WMB,HAL,MPC,VLO,PSX,BKR,FANG,DVN,HES,APA,CTRA,OXY,TRGP
0.03,0.03,0.03,0.03,0.03,0.030221649159256417,0.03,0.13,0.03,0.12977835084074318,0.03,0.03,0.03,0.03,0.03,0.03,0.03,0.13,0.03,0.13