PG,KO,PEP,WMT,COST,MNST,CL,CLX,CHD,KMB,GIS,K,CAG,CPB,TSN,HRL,SJM,MKC,MDLZ,SYY
0.029999999999999995,0.03,0.030000000000000002,0.13,0.13,0.12972586185663035,0.03,0.03,0.05373055043010906,0.03,0.029999999999999995,0.1065435877132604,0.03,0.03,0.03,0.03,0.03,0.03,0.030000000000000002,0.03