XOM,CVX,COP,OXY,HES,MPC,PSX,VLO,SLB,HAL,BKR,KMI,WMB,OKE,TRGP,EOG,DVN,FANG,APA,EQT
0.04245941076602958,0.13,0.03,0.03,0.03,0.03,0.03,0.03,0.03,0.03,0.03,0.13,0.13,0.03,0.03,0.03,0.03,0.03,0.03,0.11754058923397001