GOOGL,META,NFLX,DIS,CMCSA,T,VZ,WBD,NWSA,CHTR,TMUS,MTCH,PARA,IPG,EA,TTWO,OMC,FOXA,FOX,GOOG
0.029999999999999995,0.030000000000000002,0.030000000000000002,0.030000000000000002,0.029999999999999995,0.09243569282213661,0.13,0.03,0.03,0.029999999999999995,0.12964588904691524,0.03,0.03,0.03,0.13,0.06791841813094805,0.03,0.03,0.029999999999999995,0.029999999999999995