HON,UNP,CAT,DE,LMT,CARR,OTIS,GNRC,PWR,ROK,DOV,EMR,MMM,FTV,TT,XYL,AME,PH,TDG,ITW
0.053590305419248974,0.12497331702198695,0.029999999999999992,0.03,0.13,0.03,0.13,0.029999999999999995,0.030000000000000002,0.03,0.029999999999999995,0.029999999999999995,0.0672820318123037,0.029999999999999995,0.029999999999999995,0.03,0.029999999999999995,0.03,0.03,0.0741543457464599