MSFT,AAPL,NVDA,AVGO,CRM,ADBE,NOW,INTU,AMD,TXN,MCHP,PANW,SNPS,CDNS,ANET,FTNT,CSCO,IBM,HPQ,MPWR
0.1179114434124377,0.04208855658756211,0.029999999999999995,0.029999999999999995,0.030000000000000002,0.03,0.03,0.03,0.029999999999999995,0.13,0.03,0.03,0.03,0.03,0.029999999999999995,0.03,0.12999999999999998,0.13,0.03,0.029999999999999995