MSFT,AAPL,NVDA,AVGO,CRM,ADBE,NOW,INTU,AMD,TXN,MCHP,PANW,SNPS,CDNS,ANET,FTNT,CSCO,IBM,HPQ,MPWR
0.029999999999999995,0.05286936059228165,0.13,0.12011563461255924,0.029999999999999995,0.029999999999999995,0.029999999999999995,0.030000000000000002,0.03,0.029999999999999995,0.03,0.05257794122723328,0.03,0.029999999999999995,0.12902231981864737,0.09541474374927889,0.030000000000000002,0.03,0.029999999999999995,0.029999999999999995