PG,KO,PEP,WMT,COST,MNST,CL,CLX,CHD,KMB,GIS,K,CAG,CPB,TSN,HRL,SJM,MKC,MDLZ,SYY
0.03,0.03,0.03,0.12154408984518957,0.04442479788306586,0.03,0.12670105284052044,0.029999999999999995,0.04611482498555639,0.03,0.058289496345292666,0.05450422045149397,0.03,0.03,0.06375949706208983,0.12466202058679095,0.03,0.03,0.03,0.029999999999999995