AMZN,HD,MCD,NKE,SBUX,BKNG,CMG,LULU,TSLA,ULTA,EBAY,F,YUM,CCL,EXPE,RCL,TJX,ORLY,LOW,ROST
0.12001291645383287,0.03,0.030000000000000002,0.029999999999999992,0.03,0.029999999999999995,0.13,0.03,0.13,0.03,0.029999999999999992,0.03,0.029999999999999995,0.029999999999999995,0.030000000000000002,0.030000000000000002,0.029999999999999992,0.12999999999999998,0.03998708354616754,0.03