LIN,APD,SHW,ECL,DD,ALB,PPG,IFF,FCX,NEM,NUE,VMC,MLM,IP,CF,CTVA,AVY,EMN,MOS,BALL
0.13,0.029999999999999995,0.03515570190152327,0.03,0.029999999999999992,0.03,0.03,0.029999999999999995,0.13,0.03,0.11262750001484022,0.03,0.029999999999999995,0.03,0.10847824014650158,0.0637385579371353,0.030000000000000002,0.03,0.03,0.029999999999999995