UNH,JNJ,PFE,ABBV,TMO,ISRG,REGN,VRTX,GILD,BIIB,MRNA,DXCM,EW,CVS,CI,HUM,AMGN,LLY,ZTS,MRK
0.09027532109059647,0.030000000000000002,0.029999999999999995,0.13,0.03,0.12999999999999998,0.03,0.06354252032061586,0.03618215858878701,0.03,0.03,0.03,0.030000000000000002,0.029999999999999992,0.03,0.029999999999999992,0.029999999999999995,0.13,0.029999999999999995,0.029999999999999995