XOM,CVX,COP,EOG,SLB,KMI,OKE,WMB,HAL,MPC,VLO,PSX,BKR,FANG,DVN,HES,APA,CTRA,OXY,TRGP
0.0979563518770537,0.13,0.03,0.03,0.03,0.13,0.03,0.13,0.03,0.03,0.03,0.03,0.03,0.03,0.03,0.03,0.03,0.06204364812294588,0.03,0.03