PG,KO,PEP,WMT,COST,CL,KMB,GIS,MDLZ,HSY,CLX,CPB,CAG,KR,MKC,CHD,SJM,EL,MNST,STZ
0.029999999999999995,0.03,0.030000000000000002,0.13,0.13,0.03,0.03,0.029999999999999995,0.030000000000000002,0.029999999999999995,0.03,0.03,0.03,0.13,0.03,0.03,0.03,0.030000000000000002,0.12999999999999992,0.030000000000000002