MSFT,AAPL,NVDA,CRM,ADBE,NOW,AMD,AVGO,ORCL,CSCO,PANW,CRWD,FTNT,INTU,IBM,HPQ,INTC,TXN,QCOM,AMAT
0.05452678536428362,0.03,0.029999999999999995,0.030000000000000002,0.03,0.03,0.029999999999999995,0.029999999999999995,0.12999999999999998,0.12999999999999998,0.03,0.03,0.03,0.03,0.13,0.03,0.03,0.1054732146357162,0.029999999999999995,0.03