RTX,BA,CAT,DE,HON,LMT,MMM,GE,UPS,FDX,ETN,EMR,ITW,PH,ROK,GD,NOC,UNP,NSC,CSX
0.03,0.03,0.029999999999999992,0.03,0.029999999999999995,0.13,0.029999999999999995,0.029999999999999995,0.08173723523570413,0.03,0.029999999999999995,0.029999999999999995,0.06318654947406994,0.03,0.05645642818870455,0.06092960998121624,0.13,0.029999999999999995,0.030000000000000002,0.08769017712030566