GOOGL,META,NFLX,DIS,VZ,TMUS,CHTR,CMCSA,T,PARA,WBD,EA,TTWO,FOXA,NWSA,MTCH,IPG,OMC,FOX,LYV
0.029999999999999995,0.029999999999999995,0.029999999999999995,0.03,0.13,0.13,0.029999999999999995,0.029999999999999995,0.08645945013621043,0.03,0.030000000000000002,0.13,0.07354054986378974,0.03,0.03,0.03,0.03,0.029999999999999995,0.03,0.03