XOM,CVX,COP,OXY,HES,MPC,PSX,VLO,SLB,HAL,BKR,KMI,WMB,OKE,TRGP,EOG,DVN,FANG,APA,EQT
0.03,0.029999999999999995,0.029999999999999992,0.03,0.03,0.13,0.030000000000000002,0.029999999999999995,0.030000000000000002,0.02999999999999999,0.029999999999999995,0.03,0.1288835755659269,0.03,0.13,0.03,0.030000000000000002,0.03111642443407349,0.03,0.12999999999999998