Stock,Weight
XOM,0.14006622516556289
CVX,0.13341059602649005
EOG,0.08993377483443708
COP,0.09334437086092714
MPC,0.07665562913907284
VLO,0.05983443708609271
WMB,0.05662251655629139
OKE,0.04665562913907285
SLB,0.03665562913907284
HAL,0.026655629139072847
FANG,0.06344370860927151
DVN,0.05327814569536423
APA,0.019999999999999993
BKR,0.023311258278145692
OXY,0.08013245033112582
