Stock,Weight
AMZN,0.20120724346076455
TSLA,0.1509054325955734
HD,0.10060362173038227
NKE,0.08048289738430582
MCD,0.0704225352112676
BKNG,0.0704225352112676
LOW,0.06036217303822936
SBUX,0.050301810865191136
ABNB,0.04828973843058349
LULU,0.04024144869215291
ORLY,0.034205231388329975
ULTA,0.03018108651911468
F,0.020120724346076455
DHI,0.020120724346076455
ROST,0.022132796780684097
