Stock,Weight
NEE,0.15
DUK,0.1
SO,0.10200000000000001
AEP,0.08800000000000001
XEL,0.08
PEG,0.066
EIX,0.07
D,0.055999999999999994
WEC,0.06
ED,0.048
FE,0.046
SRE,0.052000000000000005
EXC,0.034
ES,0.03
CMS,0.018
