Stock,Weight
HON,0.10053825451749328
RTX,0.08054594386774318
GE,0.06055363321799309
CAT,0.08996539792387544
DE,0.080161476355248
ETN,0.06997308727412536
EMR,0.06016916570549789
WM,0.06939638600538255
CSX,0.059592464436755095
UNP,0.059592464436755095
LMT,0.06978085351787774
BA,0.049692425990003855
TT,0.05968858131487889
PH,0.05017301038062285
GD,0.0401768550557478
