Stock,Weight
LIN,0.12574850299401194
APD,0.10279441117764469
SHW,0.09481037924151695
ECL,0.09381237524950098
FCX,0.08183632734530935
NUE,0.07584830339321356
VMC,0.06686626746506985
MLM,0.06387225548902194
DOW,0.061876247504990003
PPG,0.06087824351297404
CF,0.04690618762475049
MOS,0.03293413173652694
EMN,0.03592814371257485
AVY,0.030938123752495002
IFF,0.024950099800399198
