Stock,Weight
JPM,0.138
BAC,0.11199999999999999
WFC,0.045
GS,0.08800000000000001
MS,0.08600000000000001
SCHW,0.06
BLK,0.06000000000000001
AXP,0.054000000000000006
PYPL,0.05600000000000001
V,0.086
MA,0.08399999999999999
SPGI,0.05600000000000001
MET,0.023
PRU,0.024
CB,0.027999999999999997
