Stock,Weight
PG,0.11904761904761904
KO,0.09920634920634921
PEP,0.09920634920634921
MO,0.07936507936507936
PM,0.07936507936507936
CL,0.06349206349206349
KMB,0.04960317460317461
STZ,0.06349206349206349
MDLZ,0.061507936507936505
HSY,0.047619047619047616
GIS,0.04166666666666667
CAG,0.027777777777777776
SJM,0.025793650793650796
K,0.02976190476190476
HRL,0.023809523809523808
LW,0.023809523809523808
MKC,0.023809523809523808
CPB,0.01984126984126984
WBA,0.011904761904761904
TSN,0.00992063492063492
