Stock,Weight
LIN,0.11717171717171714
APD,0.09999999999999998
SHW,0.09090909090909088
ECL,0.0818181818181818
DD,0.029292929292929284
FCX,0.06363636363636363
NUE,0.05151515151515151
STLD,0.04444444444444444
VMC,0.040404040404040394
MLM,0.03737373737373737
AVY,0.02727272727272727
BALL,0.02727272727272727
CF,0.032323232323232316
MOS,0.020202020202020197
EMN,0.022222222222222216
PKG,0.020202020202020197
IFF,0.01919191919191919
DOW,0.05555555555555555
PPG,0.04848484848484848
ALB,0.0707070707070707
