Stock,Weight
ABBV,0.09283950617283952
LLY,0.1362962962962963
REGN,0.09283950617283951
VRTX,0.07308641975308643
ISRG,0.07506172839506174
DXCM,0.053333333333333344
UNH,0.11259259259259259
ELV,0.05185185185185185
DHR,0.07901234567901234
TMO,0.07901234567901234
MRNA,0.025679012345679014
JNJ,0.04345679012345679
MRK,0.045432098765432104
PFE,0.01580246913580247
BMY,0.023703703703703706
