Stock,Weight
AMT,0.12
PLD,0.12
EQIX,0.1
AVB,0.064
EQR,0.057999999999999996
DLR,0.08
PSA,0.054000000000000006
O,0.04000000000000001
SPG,0.062
VTR,0.032
WELL,0.048
INVH,0.04
CCI,0.082
SBAC,0.062
EXR,0.038
