Stock,Weight
JPM,0.1178781925343811
BAC,0.09823182711198426
WFC,0.04518664047151276
C,0.05500982318271119
USB,0.01768172888015717
PNC,0.01768172888015717
TFC,0.011787819253438112
GS,0.07269155206286836
MS,0.0667976424361493
SCHW,0.041257367387033395
CB,0.03143418467583496
AIG,0.017681728880157167
MET,0.019646365422396853
BLK,0.05697445972495087
V,0.09037328094302552
MA,0.08644400785854615
SPGI,0.04715127701375245
MCO,0.03143418467583497
BRK.B,0.0530451866404715
PYPL,0.021611001964636535
