Stock,Weight
LLY,0.1171875
MRK,0.05859375
ABBV,0.076171875
BMY,0.019531249999999997
REGN,0.0625
VRTX,0.048828125
MRNA,0.0107421875
GILD,0.0244140625
ISRG,0.0498046875
BSX,0.0361328125
TMO,0.0703125
UNH,0.09765625
ELV,0.03125
HUM,0.0322265625
DHR,0.0625
IQV,0.01953125
ZTS,0.0205078125
JNJ,0.078125
AMGN,0.0498046875
MDT,0.03417968749999999
