Stock,Weight
AAPL,0.16297786720321925
MSFT,0.15895372233400398
NVDA,0.13883299798792756
CRM,0.0663983903420523
NOW,0.04627766599597585
ADBE,0.06237424547283701
AVGO,0.08450704225352111
AMD,0.054325955734406434
PANW,0.0442655935613682
CRWD,0.04024144869215291
SNPS,0.02816901408450704
KLAC,0.02816901408450704
ORCL,0.03018108651911468
INTU,0.03018108651911468
CDNS,0.024144869215291746
