Stock,Weight
HON,0.07566157286619457
GE,0.04728848304137161
CAT,0.06853335818114052
DE,0.06382780469623556
BA,0.037830786433097285
LMT,0.0590756615728662
RTX,0.05441669772642564
MMM,0.03769101751770406
EMR,0.04961796496459187
ITW,0.04486582184122251
ETN,0.056792769288110334
WM,0.06620387625792025
CSX,0.05441669772642564
UNP,0.05441669772642564
FDX,0.03545471487141259
UPS,0.0379239657100261
PH,0.04728848304137161
AME,0.04248975027953784
GWW,0.03303205367126351
TT,0.03317182258665673
