Stock,Weight
PG,0.11399999999999999
KO,0.094
PEP,0.1
CL,0.062
CLX,0.026000000000000002
MO,0.02
KMB,0.04
STZ,0.062
GIS,0.044
COST,0.10799999999999998
MDLZ,0.07400000000000001
SYY,0.032
HSY,0.05
WMT,0.098
PM,0.07600000000000001
