Stock,Weight
GOOGL,0.19579898014608718
META,0.1827305818355749
NFLX,0.10441747533461423
DIS,0.07185997681413202
T,0.029347147570753376
VZ,0.035865132832324016
CHTR,0.06206678502809058
CMCSA,0.06851991471491922
EA,0.04565832461836548
TTWO,0.04572318019310748
OMC,0.014722215466433184
IPG,0.01465735989169119
WBD,0.027823041564316458
PARA,0.022334638551775015
TMUS,0.07847524543781564
