Stock,Weight
NEE,0.11904761904761901
DUK,0.07936507936507935
SO,0.07936507936507935
D,0.06944444444444443
EXC,0.05753968253968252
AEP,0.06150793650793649
PEG,0.04365079365079365
ED,0.049603174603174593
XEL,0.05158730158730158
WEC,0.05158730158730158
ES,0.04166666666666666
FE,0.03968253968253967
ETR,0.03968253968253967
AWK,0.03968253968253967
CNP,0.029761904761904753
SRE,0.029761904761904753
DTE,0.029761904761904753
PPL,0.029761904761904753
ATO,0.029761904761904753
EIX,0.027777777777777776
