Stock,Weight
NEE,0.10601427115188583
DUK,0.08154943934760447
SO,0.07339449541284404
D,0.06320081549439346
AEP,0.06218144750254841
EXC,0.053007135575942915
XEL,0.05198776758409786
ED,0.0509683995922528
WEC,0.04994903160040774
ES,0.04994903160040774
PEG,0.04485219164118247
ETR,0.04077471967380224
FE,0.03975535168195718
PPL,0.03975535168195718
CMS,0.03873598369011213
LNT,0.034658511722731905
NI,0.030581039755351678
AES,0.030581039755351678
CNP,0.030581039755351678
ATO,0.027522935779816515
