Stock,Weight
NEE,0.11811023622047241
DUK,0.09842519685039368
SO,0.08858267716535431
D,0.07874015748031495
AEP,0.07874015748031495
EXC,0.06889763779527558
XEL,0.06889763779527558
ED,0.059055118110236206
PEG,0.059055118110236206
WEC,0.05708661417322833
ES,0.04921259842519684
DTE,0.04921259842519684
ETR,0.04724409448818897
FE,0.03937007874015747
CNP,0.03937007874015747
