Stock,Weight
XOM,0.15
CVX,0.12
COP,0.1
EOG,0.084
SLB,0.07400000000000001
HAL,0.064
WMB,0.05399999999999999
KMI,0.05399999999999999
OKE,0.05
VLO,0.05600000000000001
MPC,0.05600000000000001
PSX,0.046
DVN,0.036000000000000004
FANG,0.034
HES,0.022
