Stock,Weight
META,0.17600000000000002
GOOGL,0.168
NFLX,0.118
DIS,0.1
CMCSA,0.08
VZ,0.06
T,0.05600000000000001
EA,0.044
TTWO,0.04
CHTR,0.04
TMUS,0.04
FOXA,0.026000000000000002
LYV,0.022
OMC,0.016
IPG,0.014000000000000002
