Stock,Weight
LIN,0.12
SHW,0.1
APD,0.1
ECL,0.09
NEM,0.08
FCX,0.078
DOW,0.068
DD,0.066
NUE,0.057999999999999996
BALL,0.05
IP,0.046
STLD,0.04
ALB,0.04
VMC,0.034
MLM,0.030000000000000006
