Stock,Weight
CAT,0.07823470411233699
DE,0.07221664994984954
UNP,0.06318956870611835
CSX,0.05416248746238716
BA,0.05015045135406218
LMT,0.057171514543630876
RTX,0.05115346038114342
HON,0.05315947843530591
GE,0.05416248746238716
MMM,0.037111334002006016
EMR,0.04212637913741223
ETN,0.04814443329989969
ITW,0.043129388164493465
PH,0.042126379137412226
FDX,0.04312938816449347
UPS,0.04012036108324974
ROK,0.038114343029087255
NOC,0.04613841524573721
NSC,0.039117352056168495
GD,0.04714142427281844
