Stock,Weight
AMZN,0.1727642276422764
TSLA,0.13414634146341461
NKE,0.09756097560975607
HD,0.08536585365853656
MCD,0.07520325203252032
SBUX,0.06504065040650406
LULU,0.05691056910569104
F,0.04674796747967479
BKNG,0.04674796747967479
CMG,0.04674796747967479
GM,0.03760162601626015
TJX,0.03760162601626015
ULTA,0.03658536585365853
LOW,0.03252032520325203
ROST,0.028455284552845527
