Stock,Weight
PLD,0.12072434607645872
AMT,0.10060362173038227
EQIX,0.10060362173038227
PSA,0.08048289738430582
SPG,0.0704225352112676
WELL,0.0704225352112676
DLR,0.0704225352112676
AVB,0.06036217303822936
EQR,0.06036217303822936
EXR,0.05835010060362172
VTR,0.050301810865191136
BXP,0.04024144869215291
O,0.04024144869215291
KIM,0.038229376257545265
HST,0.038229376257545265
