Stock,Weight
LIN,0.0923076923076923
APD,0.08131868131868132
SHW,0.07362637362637361
ECL,0.06923076923076922
DD,0.06263736263736262
DOW,0.058241758241758236
FCX,0.05494505494505494
NEM,0.05384615384615384
NUE,0.05054945054945054
VMC,0.04945054945054944
MLM,0.04615384615384615
ALB,0.04285714285714285
MOS,0.03846153846153846
CF,0.03846153846153846
IP,0.03516483516483516
BALL,0.03406593406593406
PPG,0.03406593406593406
LYB,0.03186813186813186
STLD,0.02747252747252747
AMCR,0.02527472527472527
