Stock,Weight
PG,0.10710607621009269
KO,0.09268795056642636
PEP,0.08650875386199794
WMT,0.07621009268795056
COST,0.07415036045314109
CL,0.06179196704428423
KMB,0.051493305870236865
GIS,0.05046343975283213
K,0.047373841400617914
MDLZ,0.047373841400617914
ADM,0.038105046343975275
SYY,0.038105046343975275
HRL,0.03707518022657054
MKC,0.03707518022657054
CHD,0.03192584963954686
CLX,0.02780638516992791
TSN,0.026776519052523172
SJM,0.026776519052523172
KHC,0.021627188465499485
EL,0.01956745623069001
