Stock,Weight
JPM,0.11111111111111112
BAC,0.09259259259259262
WFC,0.07407407407407408
C,0.06296296296296297
GS,0.07685185185185185
MS,0.06851851851851852
BLK,0.08703703703703705
SCHW,0.0638888888888889
AXP,0.057407407407407414
V,0.08333333333333334
MA,0.07407407407407408
MET,0.04074074074074075
PGR,0.043518518518518526
STT,0.031481481481481485
CB,0.03240740740740741
