Stock,Weight
PLD,0.10590631364562118
AMT,0.09368635437881873
EQIX,0.0835030549898167
PSA,0.07331975560081466
SPG,0.06313645621181262
WELL,0.06109979633401221
AVB,0.051934826883910386
EQR,0.051934826883910386
EXR,0.049898167006109974
VTR,0.048879837067209775
BXP,0.04073319755600814
DLR,0.04073319755600814
O,0.038696537678207736
KIM,0.030549898167006106
FRT,0.030549898167006106
REG,0.0295315682281059
ESS,0.0295315682281059
MAA,0.028513238289205697
IRM,0.02749490835030549
HST,0.02036659877800407
