Stock,Weight
PG,0.124223602484472
KO,0.10351966873706002
PEP,0.10144927536231882
WMT,0.0973084886128364
COST,0.0869565217391304
MDLZ,0.07246376811594202
KMB,0.062111801242236
GIS,0.05383022774327121
CL,0.05383022774327121
K,0.04554865424430641
EL,0.04347826086956521
CHD,0.041407867494824
KHC,0.041407867494824
ADM,0.03726708074534161
SYY,0.03519668737060041
