Stock,Weight
JPM,0.10505050505050505
BAC,0.08686868686868686
WFC,0.07272727272727272
C,0.06262626262626261
GS,0.0707070707070707
MS,0.06262626262626261
BLK,0.06363636363636363
SCHW,0.05353535353535353
AXP,0.052525252525252523
PNC,0.0404040404040404
USB,0.0393939393939394
TFC,0.03434343434343434
MET,0.03737373737373738
PRU,0.03232323232323232
AIG,0.028282828282828285
TROW,0.029292929292929294
STT,0.02727272727272727
CME,0.036363636363636355
CB,0.03333333333333333
TRV,0.03131313131313131
