Stock,Weight
AAPL,0.14648437499999997
MSFT,0.14062499999999997
NVDA,0.11718749999999997
ADBE,0.07812499999999999
CRM,0.06835937499999999
INTC,0.04882812499999999
CSCO,0.04882812499999999
QCOM,0.04882812499999999
AMD,0.058593749999999986
ORCL,0.04492187499999999
PANW,0.05078124999999999
NOW,0.05078124999999999
TXN,0.03320312499999999
INTU,0.035156249999999986
LRCX,0.029296874999999993
