Stock,Weight
JNJ,0.09615384615384613
PFE,0.0769230769230769
MRK,0.0769230769230769
ABT,0.06730769230769229
MDT,0.057692307692307675
LLY,0.08653846153846151
AMGN,0.057692307692307675
GILD,0.048076923076923066
VRTX,0.05576923076923075
REGN,0.04999999999999999
UNH,0.09615384615384613
CI,0.057692307692307675
ISRG,0.048076923076923066
SYK,0.048076923076923066
ABBV,0.07692307692307689
