Stock,Weight
NEE,0.06816428846895488
DUK,0.0719051291939838
SO,0.07121095256459697
AEP,0.05699961434631699
EXC,0.05036637099884303
D,0.05611261087543385
XEL,0.04849595063632857
WEC,0.05001928268414963
ED,0.056170458927882756
PEG,0.052487466255302734
AEE,0.04188198997300423
FE,0.0439838025453143
CMS,0.04273042807558811
LNT,0.040011569610489774
NI,0.0412263787119167
CNP,0.039992286926340145
ETR,0.04631700732741997
PCG,0.036579251831854995
EIX,0.043501735441573465
ES,0.04184342460470497
