Stock,Weight
GOOGL,0.12074927953890491
META,0.12055715658021135
NFLX,0.1000960614793468
TMUS,0.0799231508165226
VZ,0.04966378482228627
T,0.04956772334293949
CMCSA,0.06993275696445726
DIS,0.08962536023054757
CHTR,0.06945244956772335
WBD,0.04015369836695486
FOXA,0.03976945244956773
PARA,0.03016330451488953
OMC,0.02055715658021134
EA,0.059846301633045156
TTWO,0.05994236311239194
