Stock,Weight
NEE,0.09663520311028277
SO,0.09180544700294595
DUK,0.08841860558327823
AEP,0.07909978155874868
EXC,0.06703541153129321
XEL,0.06777690935690095
WEC,0.06192508867913185
ED,0.06619371129681959
PEG,0.06048217399146276
AEE,0.053888855488085946
D,0.05833784244173231
PCG,0.04673440349506002
ES,0.0533678029619832
FE,0.05447002945950821
DTE,0.05382873404276639
