Stock,Weight
AMZN,0.12565748685026298
TSLA,0.12751744965100698
HD,0.07095858082838342
LOW,0.06495870082598346
NKE,0.06281874362512749
SBUX,0.06081878362432751
MCD,0.05511889762204755
BKNG,0.07981840363192735
TJX,0.04995900081998359
CMG,0.10165796684066318
BBY,0.039259214815703686
ROST,0.04411911761764765
GM,0.03911921761564768
F,0.03625927481450371
ORLY,0.041959160816783664
