Stock,Weight
JNJ,0.05030402432194576
LLY,0.09058724697975838
UNH,0.061284902792223386
ABBV,0.05942475398031842
MRK,0.05942475398031842
AMGN,0.07372589807184576
GILD,0.06770541643331468
ISRG,0.08752700216017283
ABT,0.06136490919273543
MDT,0.05728458276662133
TMO,0.07148571885750861
VRTX,0.09886790943275461
SYK,0.05628450276022082
PFE,0.04226338107048565
DHR,0.06246499719977599
