Stock,Weight
META,0.14770961538461536
GOOGL,0.0996326923076923
NFLX,0.09899711538461535
DIS,0.078875
CMCSA,0.049873076923076916
TMUS,0.04996057692307691
CHTR,0.04019038461538461
WBD,0.03056346153846153
PARA,0.02055288461538461
LYV,0.030719230769230763
VZ,0.039641346153846145
T,0.02033173076923076
FOXA,0.020343269230769224
FOX,0.020343269230769224
OMC,0.010572115384615381
IPG,0.010572115384615381
GOOG,0.0996326923076923
NWSA,0.010727884615384611
EA,0.060380769230769224
TTWO,0.060380769230769224
