Stock,Weight
AMT,0.09942397695907837
EQIX,0.10742429697187887
PSA,0.06828273130925239
O,0.059482379295171806
DLR,0.10742429697187887
AVB,0.06228249129965199
EQR,0.06228249129965199
SPG,0.04148165926637065
ARE,0.04348173926957078
BXP,0.03948157926317053
KIM,0.04148165926637065
HST,0.03548141925677028
PLD,0.09742389695587825
WELL,0.06628265130605225
EXR,0.06828273130925239
