Stock,Weight
GE,0.035594993762324445
MMM,0.029055495190953358
HON,0.0588756086764055
UNP,0.05137027646987807
UPS,0.050847116584168385
BA,0.07147168900156947
CAT,0.03978027284800193
LMT,0.07698498933558695
RTX,0.07698498933558695
DE,0.040283311199645865
EMR,0.04263753068533945
GD,0.07195460581914766
NOC,0.07296068252243551
FAST,0.02656042496679947
PH,0.04263753068533945
ROK,0.04412652420620548
CSX,0.04835204636001449
FDX,0.04984103988088051
ETN,0.04163145398205159
CMI,0.028049418487665498
