Stock,Weight
AAPL,0.0886982260354793
MSFT,0.1011779764404712
NVDA,0.12009759804803906
CRM,0.0639787204255915
ADBE,0.06117877642447152
AVGO,0.07809843803123938
QCOM,0.0636187276254475
TXN,0.048859022819543615
ORCL,0.042199156016879666
CSCO,0.0375592488150237
IBM,0.031079378412431757
NOW,0.07465850682986341
MU,0.06701865962680746
AMD,0.09057818843623129
INTC,0.03119937601247975
