Stock,Weight
AAPL,0.10400000000000001
MSFT,0.10999999999999999
NVDA,0.11200000000000002
AMD,0.082
INTC,0.022600000000000002
QCOM,0.06
AVGO,0.08
ADBE,0.05600000000000001
CRM,0.06
ORCL,0.024600000000000004
CSCO,0.022600000000000002
INTU,0.04
NOW,0.04
AMAT,0.0366
LRCX,0.0346
TXN,0.026600000000000002
MU,0.026600000000000002
IBM,0.0186
CDNS,0.0206
SNPS,0.022600000000000002
