Stock,Weight
JPM,0.07836865253898441
BAC,0.05257896841263494
WFC,0.04878048780487804
GS,0.07017193122750899
MS,0.06437425029988003
BLK,0.07796881247500999
AXP,0.0741703318672531
V,0.09976009596161534
MA,0.09976009596161534
BRK.B,0.09816073570571769
AIG,0.040083966413434625
PRU,0.04088364654138345
MET,0.04088364654138345
SCHW,0.07197121151539383
CB,0.04208316673330668
