Stock,Weight
JPM,0.07654440154440155
BAC,0.05936293436293436
WFC,0.05260617760617761
C,0.04198841698841698
GS,0.057142857142857134
MS,0.057142857142857134
V,0.08166023166023166
MA,0.08166023166023166
BLK,0.05974903474903474
BX,0.05202702702702703
SCHW,0.04314671814671815
AIG,0.026833976833976834
PGR,0.03416988416988417
CB,0.03416988416988417
MET,0.030308880308880307
PRU,0.030308880308880307
STT,0.032915057915057916
AXP,0.04401544401544401
COF,0.03223938223938224
BRK.B,0.07200772200772201
