Stock,Weight
AMT,0.08351670334066812
PLD,0.0620124024804961
EQIX,0.08551710342068412
SPG,0.027705541108221644
PSA,0.037387477495499095
O,0.03170634126825364
DLR,0.08351670334066812
AVB,0.04590918183636727
EQR,0.04590918183636727
WELL,0.04660932186437287
BXP,0.03438687737547509
WY,0.04738947789557911
ARE,0.037387477495499095
EXR,0.037387477495499095
INVH,0.04590918183636727
MAA,0.04590918183636727
UDR,0.04590918183636727
KIM,0.027705541108221644
CCI,0.08151630326065211
ESS,0.046709341868373666
