Stock,Weight
LIN,0.08764940239043822
APD,0.08266932270916331
DOW,0.06474103585657369
DD,0.06573705179282867
SHW,0.07071713147410358
ECL,0.08167330677290835
PPG,0.06075697211155377
ALB,0.10159362549800795
FCX,0.06274900398406372
NEM,0.048804780876494015
NUE,0.05776892430278883
IP,0.04681274900398406
PKG,0.04681274900398406
STLD,0.059760956175298786
LYB,0.06175298804780875
