Stock,Weight
PG,0.08403361344537816
KO,0.08083233293317328
PEP,0.078031212484994
WMT,0.07643057222889156
COST,0.06462585034013607
MDLZ,0.05602240896358544
CL,0.05262104841936775
KMB,0.052220888355342145
GIS,0.04581832733093237
K,0.04461784713885555
MKC,0.03541416566626651
HSY,0.03261304521808724
CLX,0.034813925570228096
MO,0.06362545018007204
PM,0.060824329731892765
SYY,0.029611844737895156
ADM,0.02801120448179272
EL,0.02541016406562625
TSN,0.027010804321728695
HRL,0.027410964385754303
