Stock,Weight
XOM,0.1193614850673121
CVX,0.1193614850673121
COP,0.07751395251145204
EOG,0.06885239343081753
SLB,0.06267128083054949
PSX,0.050609109639735146
MPC,0.050609109639735146
VLO,0.04860874957492348
WMB,0.06001080194434997
KMI,0.06001080194434997
OXY,0.061351043187773784
DVN,0.05885059310675921
HES,0.05685023304194754
HAL,0.05266948050649116
BKR,0.05266948050649116
