Stock,Weight
PG,0.07825301204819277
KO,0.07943775100401607
PEP,0.08259036144578313
WMT,0.07686746987951808
COST,0.08339357429718874
MDLZ,0.06287148594377509
CL,0.05873493975903614
KMB,0.06224899598393574
GIS,0.05353413654618474
HSY,0.04939759036144578
MO,0.08937751004016066
PM,0.0743574297188755
SYY,0.04957831325301205
ADM,0.05046184738955824
CLX,0.04889558232931727
