Stock,Weight
MMM,0.03326133045321813
BA,0.09400376015040603
CAT,0.058162326493059725
DE,0.058162326493059725
EMR,0.056162246489859596
ETN,0.056162246489859596
FDX,0.06000240009600384
GE,0.03326133045321813
HON,0.07880315212608506
LMT,0.09800392015680628
UNP,0.06000240009600384
CSX,0.06000240009600384
UPS,0.06000240009600384
RTX,0.09800392015680628
GD,0.09600384015360615
